Link_Pesquisador,Link_Coautor
BdmHCbcAAAAJ,5barf50AAAAJ
BdmHCbcAAAAJ,QFxVhVEAAAAJ
BdmHCbcAAAAJ,uVVxqXIAAAAJ
BdmHCbcAAAAJ,4Z9et2IAAAAJ
BdmHCbcAAAAJ,aSOW6S4AAAAJ
BdmHCbcAAAAJ,RUwmMb8AAAAJ
BdmHCbcAAAAJ,2yBbnBAAAAAJ
BdmHCbcAAAAJ,JeIV70QAAAAJ
BdmHCbcAAAAJ,d6BpAy8AAAAJ
BdmHCbcAAAAJ,F5Ozy3UAAAAJ
BdmHCbcAAAAJ,jvC6ONYAAAAJ
BdmHCbcAAAAJ,YpjnLP4AAAAJ
BdmHCbcAAAAJ,jt_wajQAAAAJ
5barf50AAAAJ,noskMO0AAAAJ
5barf50AAAAJ,3wnhA1EAAAAJ
5barf50AAAAJ,F1av4IIAAAAJ
5barf50AAAAJ,kAUuzqwAAAAJ
5barf50AAAAJ,JQ3VaCkAAAAJ
5barf50AAAAJ,s2A0MOIAAAAJ
5barf50AAAAJ,sZh8CJQAAAAJ
5barf50AAAAJ,W2YRnsUAAAAJ
5barf50AAAAJ,xSShFucAAAAJ
5barf50AAAAJ,uXe4enkAAAAJ
5barf50AAAAJ,zXUdA-IAAAAJ
5barf50AAAAJ,BdmHCbcAAAAJ
5barf50AAAAJ,dNhIrRwAAAAJ
5barf50AAAAJ,pCggYOEAAAAJ
5barf50AAAAJ,JskklHQAAAAJ
5barf50AAAAJ,QFxVhVEAAAAJ
5barf50AAAAJ,fYZTyFEAAAAJ
5barf50AAAAJ,cHyTJG4AAAAJ
5barf50AAAAJ,kNk2axEAAAAJ
5barf50AAAAJ,yUstZncAAAAJ
5barf50AAAAJ,jUBi1GkAAAAJ
5barf50AAAAJ,CjRMyA4AAAAJ
5barf50AAAAJ,8WJYLh0AAAAJ
5barf50AAAAJ,UBkmYe4AAAAJ
5barf50AAAAJ,HEdXeQkAAAAJ
5barf50AAAAJ,1ELUyUEAAAAJ
5barf50AAAAJ,aCsO6RMAAAAJ
5barf50AAAAJ,cS59-XIAAAAJ
5barf50AAAAJ,dteLMj8AAAAJ
5barf50AAAAJ,3sS2B-kAAAAJ
5barf50AAAAJ,7rvNQJoAAAAJ
5barf50AAAAJ,gufUoeMAAAAJ
5barf50AAAAJ,8r-z0wIAAAAJ
5barf50AAAAJ,XF6CY14AAAAJ
5barf50AAAAJ,kdlB8AoAAAAJ
5barf50AAAAJ,KaPH3E4AAAAJ
5barf50AAAAJ,T332QRgAAAAJ
5barf50AAAAJ,kOucsncAAAAJ
5barf50AAAAJ,6VW1kJgAAAAJ
5barf50AAAAJ,wO-YMEEAAAAJ
5barf50AAAAJ,NzEcUIAAAAAJ
5barf50AAAAJ,c2YsAWcAAAAJ
5barf50AAAAJ,C1vW0OIAAAAJ
5barf50AAAAJ,itj-WrUAAAAJ
5barf50AAAAJ,qKlV4e0AAAAJ
5barf50AAAAJ,yoYhFRcBy3QC
5barf50AAAAJ,Jg0xyqMAAAAJ
5barf50AAAAJ,oIAOI2AAAAAJ
5barf50AAAAJ,qBwMcNIAAAAJ
5barf50AAAAJ,yeClg0QAAAAJ
5barf50AAAAJ,9xfo_q0AAAAJ
5barf50AAAAJ,9zJazBUAAAAJ
5barf50AAAAJ,Z1YxOtUAAAAJ
5barf50AAAAJ,4ZkJQVEAAAAJ
5barf50AAAAJ,G4Kw3oEAAAAJ
5barf50AAAAJ,006pbDoAAAAJ
5barf50AAAAJ,fYkrlAUAAAAJ
5barf50AAAAJ,2HUzHkwAAAAJ
5barf50AAAAJ,iJgoqmQAAAAJ
5barf50AAAAJ,QccNyFUAAAAJ
5barf50AAAAJ,ZSP-R5oAAAAJ
5barf50AAAAJ,i_B3PDMAAAAJ
5barf50AAAAJ,Cgoc25cAAAAJ
5barf50AAAAJ,ThuOJWUAAAAJ
5barf50AAAAJ,pDTgrhgAAAAJ
5barf50AAAAJ,_G_tj6MAAAAJ
5barf50AAAAJ,0j82H0sAAAAJ
5barf50AAAAJ,0j82H0sAAAAJ
sP7PQ5kAAAAJ,WLmadTQAAAAJ
sP7PQ5kAAAAJ,_3a0Bi0AAAAJ
sP7PQ5kAAAAJ,n93QXi0AAAAJ
sP7PQ5kAAAAJ,yQHQCC0AAAAJ
sP7PQ5kAAAAJ,gVTC98QAAAAJ
sP7PQ5kAAAAJ,ZfDbh7oAAAAJ
sP7PQ5kAAAAJ,8TSQo4UAAAAJ
sP7PQ5kAAAAJ,U4JuEFwAAAAJ
sP7PQ5kAAAAJ,o6FHHYkAAAAJ
sP7PQ5kAAAAJ,CMTZeSoAAAAJ
sP7PQ5kAAAAJ,np24L3MAAAAJ
sP7PQ5kAAAAJ,nar00gIAAAAJ
uVVxqXIAAAAJ,TNdmZVEAAAAJ
uVVxqXIAAAAJ,rrIp8rMAAAAJ
uVVxqXIAAAAJ,jKZfE1koVBsC
uVVxqXIAAAAJ,ZIw-AGsAAAAJ
uVVxqXIAAAAJ,t20dQloAAAAJ
uVVxqXIAAAAJ,6VW1kJgAAAAJ
uVVxqXIAAAAJ,nom_JY8AAAAJ
uVVxqXIAAAAJ,0AY3Qt0AAAAJ
uVVxqXIAAAAJ,BdmHCbcAAAAJ
uVVxqXIAAAAJ,fOeHVMUAAAAJ
uVVxqXIAAAAJ,eNa4vzgAAAAJ
uVVxqXIAAAAJ,kiSSJhwAAAAJ
uVVxqXIAAAAJ,q3fB9gYAAAAJ
uVVxqXIAAAAJ,9RjwMEAAAAAJ
uVVxqXIAAAAJ,ZgdNMrgAAAAJ
uVVxqXIAAAAJ,VyPhl7oAAAAJ
uVVxqXIAAAAJ,9WMU4HskwasC
aSOW6S4AAAAJ,wJJLcZoAAAAJ
aSOW6S4AAAAJ,CNWJsjYAAAAJ
aSOW6S4AAAAJ,4Z9et2IAAAAJ
aSOW6S4AAAAJ,XU1xaUIAAAAJ
aSOW6S4AAAAJ,resLKiwAAAAJ
aSOW6S4AAAAJ,EEaWWMMAAAAJ
aSOW6S4AAAAJ,BdmHCbcAAAAJ
aSOW6S4AAAAJ,4_jykaYAAAAJ
aSOW6S4AAAAJ,paYBFFcAAAAJ
aSOW6S4AAAAJ,2mLqyf4AAAAJ
aSOW6S4AAAAJ,qVIulzoAAAAJ
aSOW6S4AAAAJ,SNafy7MAAAAJ
aSOW6S4AAAAJ,2TKG5hAAAAAJ
aSOW6S4AAAAJ,gqkpNpQAAAAJ
aSOW6S4AAAAJ,8IWkmnEAAAAJ
aSOW6S4AAAAJ,kZ-mZeEAAAAJ
aSOW6S4AAAAJ,bO8QBlwAAAAJ
aSOW6S4AAAAJ,4AyPaUwAAAAJ
aSOW6S4AAAAJ,uGo8v7kAAAAJ
aSOW6S4AAAAJ,fyaxzaIAAAAJ
2yBbnBAAAAAJ,dYwbc9sAAAAJ
2yBbnBAAAAAJ,ZQjtYfAAAAAJ
2yBbnBAAAAAJ,BdmHCbcAAAAJ
2yBbnBAAAAAJ,bGGzp3UAAAAJ
JeIV70QAAAAJ,7fO-QIQAAAAJ
JeIV70QAAAAJ,4p93CdAAAAAJ
JeIV70QAAAAJ,s9CJ03QAAAAJ
JeIV70QAAAAJ,4wHTKPUAAAAJ
JeIV70QAAAAJ,4wZDoW0AAAAJ
JeIV70QAAAAJ,BdmHCbcAAAAJ
F5Ozy3UAAAAJ,cjIghi8AAAAJ
F5Ozy3UAAAAJ,At5vIhgAAAAJ
F5Ozy3UAAAAJ,Dz0fGc4AAAAJ
jvC6ONYAAAAJ,Ed5GtKIAAAAJ
jvC6ONYAAAAJ,64lfRagAAAAJ
jvC6ONYAAAAJ,4G4cjz8AAAAJ
jvC6ONYAAAAJ,se30-eEAAAAJ
jvC6ONYAAAAJ,qygHiZsAAAAJ
jvC6ONYAAAAJ,PI2ll0AAAAAJ
jvC6ONYAAAAJ,XvQv0WkAAAAJ
jvC6ONYAAAAJ,5HuT8j8AAAAJ
jvC6ONYAAAAJ,n1MxqqoAAAAJ
jvC6ONYAAAAJ,w_wRq7cAAAAJ
jvC6ONYAAAAJ,6VW1kJgAAAAJ
ZfDbh7oAAAAJ,8HAZl0wAAAAJ
ZfDbh7oAAAAJ,nar00gIAAAAJ
ZfDbh7oAAAAJ,M9iI0GEAAAAJ
ZfDbh7oAAAAJ,k1e2tSUAAAAJ
ZfDbh7oAAAAJ,ehYoE6UAAAAJ
ZfDbh7oAAAAJ,WLmadTQAAAAJ
ZfDbh7oAAAAJ,EEPkRWIAAAAJ
ZfDbh7oAAAAJ,Wfif0QQAAAAJ
ZfDbh7oAAAAJ,rdZgUZwAAAAJ
ZfDbh7oAAAAJ,0E1TYiwAAAAJ
ZfDbh7oAAAAJ,ZbAZNYQAAAAJ
ZfDbh7oAAAAJ,ATc2baYAAAAJ
ZfDbh7oAAAAJ,sP7PQ5kAAAAJ
3wnhA1EAAAAJ,kAUuzqwAAAAJ
3wnhA1EAAAAJ,jODHZ90AAAAJ
3wnhA1EAAAAJ,F6ru8u0AAAAJ
3wnhA1EAAAAJ,A-W2CxcAAAAJ
3wnhA1EAAAAJ,WJaCqaQAAAAJ
3wnhA1EAAAAJ,Ek6m-HIAAAAJ
3wnhA1EAAAAJ,W2YRnsUAAAAJ
3wnhA1EAAAAJ,McUWTiwAAAAJ
3wnhA1EAAAAJ,xRCWwYsAAAAJ
3wnhA1EAAAAJ,PLD_vUoAAAAJ
sZh8CJQAAAAJ,5barf50AAAAJ
sZh8CJQAAAAJ,1ELUyUEAAAAJ
sZh8CJQAAAAJ,xTq48fYAAAAJ
sZh8CJQAAAAJ,aM9PeZ8AAAAJ
sZh8CJQAAAAJ,BVke6rMAAAAJ
sZh8CJQAAAAJ,o16d9CgAAAAJ
sZh8CJQAAAAJ,f7bgy-EAAAAJ
sZh8CJQAAAAJ,otgQVT0AAAAJ
sZh8CJQAAAAJ,6otVU08AAAAJ
sZh8CJQAAAAJ,Uyh_-SwAAAAJ
sZh8CJQAAAAJ,NuGhfS0AAAAJ
sZh8CJQAAAAJ,MvwobXgAAAAJ
sZh8CJQAAAAJ,HjiEvgwAAAAJ
sZh8CJQAAAAJ,1ipdzgEAAAAJ
sZh8CJQAAAAJ,F7_3P8gAAAAJ
sZh8CJQAAAAJ,YO0X1AsAAAAJ
sZh8CJQAAAAJ,MTws4GEAAAAJ
sZh8CJQAAAAJ,lxUUhFsAAAAJ
sZh8CJQAAAAJ,Ut15iYkAAAAJ
sZh8CJQAAAAJ,HqmyBUUAAAAJ
sZh8CJQAAAAJ,noskMO0AAAAJ
sZh8CJQAAAAJ,pkWCNMwAAAAJ
sZh8CJQAAAAJ,AmtxNVYAAAAJ
sZh8CJQAAAAJ,HztdBcgAAAAJ
sZh8CJQAAAAJ,wtWWb9QAAAAJ
sZh8CJQAAAAJ,V0Ia4yoAAAAJ
sZh8CJQAAAAJ,tyYTIOsAAAAJ
sZh8CJQAAAAJ,y_wk8IcAAAAJ
sZh8CJQAAAAJ,DIK3tpwAAAAJ
sZh8CJQAAAAJ,zqZfDZ8AAAAJ
sZh8CJQAAAAJ,098O_ecAAAAJ
sZh8CJQAAAAJ,4qgDexIAAAAJ
sZh8CJQAAAAJ,Eh8n6TsAAAAJ
W2YRnsUAAAAJ,B7N-yQIAAAAJ
W2YRnsUAAAAJ,ZSP-R5oAAAAJ
W2YRnsUAAAAJ,5barf50AAAAJ
W2YRnsUAAAAJ,3wnhA1EAAAAJ
W2YRnsUAAAAJ,L3x4IcgAAAAJ
W2YRnsUAAAAJ,YByxmCUAAAAJ
W2YRnsUAAAAJ,qgeXS6IAAAAJ
W2YRnsUAAAAJ,ZUvDs_0AAAAJ
W2YRnsUAAAAJ,G-WPCrMAAAAJ
W2YRnsUAAAAJ,i846MWEAAAAJ
W2YRnsUAAAAJ,yoYhFRcBy3QC
W2YRnsUAAAAJ,v9RlNNsAAAAJ
W2YRnsUAAAAJ,c2YsAWcAAAAJ
W2YRnsUAAAAJ,ORWa37UAAAAJ
W2YRnsUAAAAJ,7ZEYAacAAAAJ
W2YRnsUAAAAJ,Wh8odLEAAAAJ
W2YRnsUAAAAJ,WgPhMfwAAAAJ
W2YRnsUAAAAJ,zXUdA-IAAAAJ
W2YRnsUAAAAJ,FoXygPUAAAAJ
W2YRnsUAAAAJ,dxnFKaAAAAAJ
W2YRnsUAAAAJ,ynFqo_YAAAAJ
xSShFucAAAAJ,dDGzYjUAAAAJ
xSShFucAAAAJ,WjrAnsQAAAAJ
xSShFucAAAAJ,q4Ae43AAAAAJ
xSShFucAAAAJ,cH0pbIwAAAAJ
BdmHCbcAAAAJ,5barf50AAAAJ
BdmHCbcAAAAJ,QFxVhVEAAAAJ
BdmHCbcAAAAJ,uVVxqXIAAAAJ
BdmHCbcAAAAJ,4Z9et2IAAAAJ
BdmHCbcAAAAJ,aSOW6S4AAAAJ
BdmHCbcAAAAJ,RUwmMb8AAAAJ
BdmHCbcAAAAJ,2yBbnBAAAAAJ
BdmHCbcAAAAJ,JeIV70QAAAAJ
BdmHCbcAAAAJ,d6BpAy8AAAAJ
BdmHCbcAAAAJ,F5Ozy3UAAAAJ
BdmHCbcAAAAJ,jvC6ONYAAAAJ
BdmHCbcAAAAJ,YpjnLP4AAAAJ
BdmHCbcAAAAJ,jt_wajQAAAAJ
dNhIrRwAAAAJ,xSShFucAAAAJ
dNhIrRwAAAAJ,5barf50AAAAJ
dNhIrRwAAAAJ,Z_ZD6A4AAAAJ
dNhIrRwAAAAJ,dDGzYjUAAAAJ
dNhIrRwAAAAJ,4_LjFZQAAAAJ
dNhIrRwAAAAJ,fA6rT1sAAAAJ
dNhIrRwAAAAJ,9aKkSh8AAAAJ
dNhIrRwAAAAJ,0j82H0sAAAAJ
pCggYOEAAAAJ,dteLMj8AAAAJ
pCggYOEAAAAJ,3sS2B-kAAAAJ
pCggYOEAAAAJ,FOjlzgoAAAAJ
pCggYOEAAAAJ,WZ0Ze_oAAAAJ
pCggYOEAAAAJ,dlz5HeMAAAAJ
pCggYOEAAAAJ,tUkAkSIAAAAJ
pCggYOEAAAAJ,5barf50AAAAJ
pCggYOEAAAAJ,V04KRisAAAAJ
pCggYOEAAAAJ,KNiO4pwAAAAJ
pCggYOEAAAAJ,4ZunvD8AAAAJ
pCggYOEAAAAJ,eiKATTYAAAAJ
pCggYOEAAAAJ,wK29Q6IAAAAJ
pCggYOEAAAAJ,Wy672r4AAAAJ
pCggYOEAAAAJ,92_6IQEAAAAJ
fYZTyFEAAAAJ,gufUoeMAAAAJ
fYZTyFEAAAAJ,MXVfUjgAAAAJ
fYZTyFEAAAAJ,s2A0MOIAAAAJ
fYZTyFEAAAAJ,S50hcbsAAAAJ
fYZTyFEAAAAJ,noskMO0AAAAJ
fYZTyFEAAAAJ,853EBVEAAAAJ
fYZTyFEAAAAJ,HgUHJAgAAAAJ
fYZTyFEAAAAJ,E6U0lkkAAAAJ
fYZTyFEAAAAJ,UaaL0PsAAAAJ
fYZTyFEAAAAJ,jm9wEPEAAAAJ
fYZTyFEAAAAJ,2gvyN5oAAAAJ
fYZTyFEAAAAJ,5barf50AAAAJ
fYZTyFEAAAAJ,_eG-Kw4AAAAJ
fYZTyFEAAAAJ,iJgoqmQAAAAJ
fYZTyFEAAAAJ,ZbqYyrsAAAAJ
fYZTyFEAAAAJ,aomMorIAAAAJ
fYZTyFEAAAAJ,SzEbflMAAAAJ
fYZTyFEAAAAJ,QveXixwAAAAJ
fYZTyFEAAAAJ,KHUp5aUAAAAJ
fYZTyFEAAAAJ,uiY8ZUQAAAAJ
fYZTyFEAAAAJ,aOiIy_cAAAAJ
fYZTyFEAAAAJ,s-X_UIQAAAAJ
fYZTyFEAAAAJ,dPnQIkEAAAAJ
fYZTyFEAAAAJ,eUqxUSgAAAAJ
fYZTyFEAAAAJ,cHyTJG4AAAAJ
fYZTyFEAAAAJ,VH9BQmsAAAAJ
fYZTyFEAAAAJ,5VZCiMUAAAAJ
fYZTyFEAAAAJ,uXe4enkAAAAJ
fYZTyFEAAAAJ,W_Ul5jMAAAAJ
fYZTyFEAAAAJ,OUv7J6QAAAAJ
fYZTyFEAAAAJ,erv7TP0AAAAJ
fYZTyFEAAAAJ,QKZBZ48AAAAJ
fYZTyFEAAAAJ,wHOelLAAAAAJ
fYZTyFEAAAAJ,yLBYtAwAAAAJ
fYZTyFEAAAAJ,LXz7zFAAAAAJ
fYZTyFEAAAAJ,XEx1fZkAAAAJ
fYZTyFEAAAAJ,sgDzD8gAAAAJ
fYZTyFEAAAAJ,cdYu2HsAAAAJ
fYZTyFEAAAAJ,d6R8eC8AAAAJ
fYZTyFEAAAAJ,WIpgkIEAAAAJ
fYZTyFEAAAAJ,NRNk844AAAAJ
fYZTyFEAAAAJ,RYEAH_gAAAAJ
fYZTyFEAAAAJ,5XIbF2wAAAAJ
fYZTyFEAAAAJ,hQ6iLrMAAAAJ
fYZTyFEAAAAJ,b-jgZIAAAAAJ
fYZTyFEAAAAJ,lnUL8x0AAAAJ
fYZTyFEAAAAJ,oWmjswoAAAAJ
fYZTyFEAAAAJ,xSShFucAAAAJ
cHyTJG4AAAAJ,fEfNSk4AAAAJ
cHyTJG4AAAAJ,ZSP-R5oAAAAJ
cHyTJG4AAAAJ,S50hcbsAAAAJ
cHyTJG4AAAAJ,912JwcwAAAAJ
cHyTJG4AAAAJ,j7TQJtYAAAAJ
cHyTJG4AAAAJ,42PLvfwAAAAJ
cHyTJG4AAAAJ,gufUoeMAAAAJ
cHyTJG4AAAAJ,W2YRnsUAAAAJ
cHyTJG4AAAAJ,L3x4IcgAAAAJ
cHyTJG4AAAAJ,v9RlNNsAAAAJ
cHyTJG4AAAAJ,kZyUw8MAAAAJ
cHyTJG4AAAAJ,svWWVbwAAAAJ
cHyTJG4AAAAJ,HPve0JoAAAAJ
kNk2axEAAAAJ,5barf50AAAAJ
kNk2axEAAAAJ,fA6rT1sAAAAJ
kNk2axEAAAAJ,_G_tj6MAAAAJ
jUBi1GkAAAAJ,5barf50AAAAJ
jUBi1GkAAAAJ,8WJYLh0AAAAJ
jUBi1GkAAAAJ,s2A0MOIAAAAJ
CjRMyA4AAAAJ,k5HsbdcAAAAJ
CjRMyA4AAAAJ,mJqmEjQAAAAJ
CjRMyA4AAAAJ,y7c-tjoAAAAJ
CjRMyA4AAAAJ,btS-l8cAAAAJ
CjRMyA4AAAAJ,cS59-XIAAAAJ
CjRMyA4AAAAJ,aCsO6RMAAAAJ
CjRMyA4AAAAJ,F_RBceUAAAAJ
CjRMyA4AAAAJ,5zTUNsQAAAAJ
CjRMyA4AAAAJ,L288Vq4AAAAJ
CjRMyA4AAAAJ,ih_LeQYAAAAJ
CjRMyA4AAAAJ,GoarRRwAAAAJ
CjRMyA4AAAAJ,vautoG0AAAAJ
CjRMyA4AAAAJ,5barf50AAAAJ
CjRMyA4AAAAJ,w8wgfCMAAAAJ
CjRMyA4AAAAJ,zz5bhxQAAAAJ
CjRMyA4AAAAJ,2vSTxYMAAAAJ
CjRMyA4AAAAJ,LZacO0sAAAAJ
CjRMyA4AAAAJ,G1umN28AAAAJ
CjRMyA4AAAAJ,aKJy4rIAAAAJ
CjRMyA4AAAAJ,wKfngPYAAAAJ
CjRMyA4AAAAJ,PuDvqn4AAAAJ
CjRMyA4AAAAJ,wdDq5nkAAAAJ
CjRMyA4AAAAJ,WAJXHzgAAAAJ
CjRMyA4AAAAJ,k42Xve8AAAAJ
CjRMyA4AAAAJ,LfMj4s0AAAAJ
CjRMyA4AAAAJ,ekb1UQEAAAAJ
CjRMyA4AAAAJ,gl79KfkAAAAJ
CjRMyA4AAAAJ,rwC5IUIAAAAJ
CjRMyA4AAAAJ,O5DGpWsAAAAJ
CjRMyA4AAAAJ,sdw9roIAAAAJ
CjRMyA4AAAAJ,iIJy0nsAAAAJ
CjRMyA4AAAAJ,0N2lgg0AAAAJ
CjRMyA4AAAAJ,h9E70BEAAAAJ
CjRMyA4AAAAJ,tv5yNIMAAAAJ
CjRMyA4AAAAJ,X5Z5aYkAAAAJ
CjRMyA4AAAAJ,jVlZ6OwAAAAJ
CjRMyA4AAAAJ,y0YUl60AAAAJ
CjRMyA4AAAAJ,itYIYM8AAAAJ
CjRMyA4AAAAJ,lfNFwgcAAAAJ
CjRMyA4AAAAJ,OwnRAwQAAAAJ
CjRMyA4AAAAJ,jCYmZFEAAAAJ
CjRMyA4AAAAJ,TFDsJ1cAAAAJ
CjRMyA4AAAAJ,rWCgvdgAAAAJ
CjRMyA4AAAAJ,BvWkS0AAAAAJ
CjRMyA4AAAAJ,24OOpyEAAAAJ
CjRMyA4AAAAJ,aB37XdAAAAAJ
CjRMyA4AAAAJ,spOVkQcAAAAJ
CjRMyA4AAAAJ,pLhbSv4AAAAJ
CjRMyA4AAAAJ,ceRf0h8AAAAJ
CjRMyA4AAAAJ,EBYtaJgAAAAJ
CjRMyA4AAAAJ,zGE6MDYAAAAJ
CjRMyA4AAAAJ,9LcxwsMAAAAJ
CjRMyA4AAAAJ,5kf1vNwAAAAJ
CjRMyA4AAAAJ,08LYEGoAAAAJ
CjRMyA4AAAAJ,ek2xg6wAAAAJ
CjRMyA4AAAAJ,0kEpxMwAAAAJ
CjRMyA4AAAAJ,4Zo8LKIAAAAJ
CjRMyA4AAAAJ,EzvbucYAAAAJ
CjRMyA4AAAAJ,tJfDOzYAAAAJ
CjRMyA4AAAAJ,Nh3BtpUAAAAJ
8WJYLh0AAAAJ,5barf50AAAAJ
8WJYLh0AAAAJ,p-czaQMAAAAJ
8WJYLh0AAAAJ,0S6oWnAAAAAJ
8WJYLh0AAAAJ,pWltGkQAAAAJ
8WJYLh0AAAAJ,EqCcovwAAAAJ
8WJYLh0AAAAJ,aM9PeZ8AAAAJ
8WJYLh0AAAAJ,OmK08lAAAAAJ
8WJYLh0AAAAJ,pnKot3MAAAAJ
8WJYLh0AAAAJ,dIMJYKwAAAAJ
HEdXeQkAAAAJ,itj-WrUAAAAJ
HEdXeQkAAAAJ,qKlV4e0AAAAJ
HEdXeQkAAAAJ,5barf50AAAAJ
HEdXeQkAAAAJ,sDYv4aIAAAAJ
HEdXeQkAAAAJ,Q0wr0HUAAAAJ
HEdXeQkAAAAJ,G4Kw3oEAAAAJ
HEdXeQkAAAAJ,fyTL_SsAAAAJ
HEdXeQkAAAAJ,TcbggGYAAAAJ
HEdXeQkAAAAJ,c4cKEuQAAAAJ
HEdXeQkAAAAJ,S80aHqcAAAAJ
1ELUyUEAAAAJ,BB25QXUAAAAJ
1ELUyUEAAAAJ,yQm49s8AAAAJ
1ELUyUEAAAAJ,sZh8CJQAAAAJ
1ELUyUEAAAAJ,1bGVQjgAAAAJ
1ELUyUEAAAAJ,otgQVT0AAAAJ
1ELUyUEAAAAJ,KX-0T3oAAAAJ
1ELUyUEAAAAJ,4pIOO90AAAAJ
1ELUyUEAAAAJ,g9bVJSMAAAAJ
1ELUyUEAAAAJ,P-73_XkAAAAJ
1ELUyUEAAAAJ,5barf50AAAAJ
1ELUyUEAAAAJ,LBEEyeUAAAAJ
1ELUyUEAAAAJ,Hxfe1ggAAAAJ
1ELUyUEAAAAJ,PJclN20AAAAJ
1ELUyUEAAAAJ,BGEELyQAAAAJ
1ELUyUEAAAAJ,NQgtlJ8AAAAJ
1ELUyUEAAAAJ,TX23ENsAAAAJ
1ELUyUEAAAAJ,UA5E4HgAAAAJ
1ELUyUEAAAAJ,cS-iT80AAAAJ
1ELUyUEAAAAJ,1qPQXnIAAAAJ
1ELUyUEAAAAJ,1Ik4HfIAAAAJ
1ELUyUEAAAAJ,dQQP1SAAAAAJ
1ELUyUEAAAAJ,KwEOawwAAAAJ
1ELUyUEAAAAJ,LE2iaycAAAAJ
1ELUyUEAAAAJ,TvxPeOoAAAAJ
1ELUyUEAAAAJ,axQ3nTgAAAAJ
1ELUyUEAAAAJ,XOlFYg4AAAAJ
1ELUyUEAAAAJ,Ohn2o_wAAAAJ
1ELUyUEAAAAJ,c4cKEuQAAAAJ
1ELUyUEAAAAJ,sOMdjYgAAAAJ
1ELUyUEAAAAJ,Teoz1w0AAAAJ
1ELUyUEAAAAJ,f0YR-Z4AAAAJ
1ELUyUEAAAAJ,Q_5CWxwAAAAJ
1ELUyUEAAAAJ,F55XS58AAAAJ
1ELUyUEAAAAJ,WIpgkIEAAAAJ
1ELUyUEAAAAJ,5G_XTBcAAAAJ
1ELUyUEAAAAJ,PthQLNEAAAAJ
1ELUyUEAAAAJ,DywArCEAAAAJ
1ELUyUEAAAAJ,RrILMIoAAAAJ
1ELUyUEAAAAJ,L2uk6aMAAAAJ
1ELUyUEAAAAJ,hgThGaQAAAAJ
1ELUyUEAAAAJ,tnCkYWoAAAAJ
1ELUyUEAAAAJ,nD6a5hcAAAAJ
1ELUyUEAAAAJ,91vp778AAAAJ
1ELUyUEAAAAJ,VPBie-4AAAAJ
1ELUyUEAAAAJ,VWbSeyIAAAAJ
1ELUyUEAAAAJ,G9UHfbwAAAAJ
1ELUyUEAAAAJ,M8nAta0AAAAJ
1ELUyUEAAAAJ,GabESe0AAAAJ
1ELUyUEAAAAJ,B3hAvfEAAAAJ
1ELUyUEAAAAJ,s1nI0kcAAAAJ
1ELUyUEAAAAJ,6v-ADoQAAAAJ
1ELUyUEAAAAJ,flLXMpMAAAAJ
1ELUyUEAAAAJ,LBJMFbIAAAAJ
1ELUyUEAAAAJ,bkYAeZcAAAAJ
1ELUyUEAAAAJ,rDYuvdIAAAAJ
cS59-XIAAAAJ,CjRMyA4AAAAJ
cS59-XIAAAAJ,aCsO6RMAAAAJ
cS59-XIAAAAJ,5barf50AAAAJ
cS59-XIAAAAJ,gl79KfkAAAAJ
3sS2B-kAAAAJ,dteLMj8AAAAJ
3sS2B-kAAAAJ,pCggYOEAAAAJ
3sS2B-kAAAAJ,WZ0Ze_oAAAAJ
3sS2B-kAAAAJ,Apv4fZQAAAAJ
3sS2B-kAAAAJ,f9Cg66kAAAAJ
3sS2B-kAAAAJ,4ZunvD8AAAAJ
3sS2B-kAAAAJ,B3Vt0j0AAAAJ
3sS2B-kAAAAJ,aaQJ_XsAAAAJ
3sS2B-kAAAAJ,PI1zV3YAAAAJ
3sS2B-kAAAAJ,ksvtHwMAAAAJ
3sS2B-kAAAAJ,wK29Q6IAAAAJ
3sS2B-kAAAAJ,x7AtGoUAAAAJ
3sS2B-kAAAAJ,--5RUdgAAAAJ
3sS2B-kAAAAJ,HzbaZacAAAAJ
3sS2B-kAAAAJ,UiqiIU0AAAAJ
3sS2B-kAAAAJ,0kJ4bp4AAAAJ
3sS2B-kAAAAJ,uyEe9OYAAAAJ
3sS2B-kAAAAJ,FOjlzgoAAAAJ
7rvNQJoAAAAJ,FdvKJcIAAAAJ
7rvNQJoAAAAJ,OEivUAQAAAAJ
7rvNQJoAAAAJ,vOur3Q4AAAAJ
7rvNQJoAAAAJ,Wr8pFkEAAAAJ
7rvNQJoAAAAJ,yUstZncAAAAJ
7rvNQJoAAAAJ,g7OdJn8AAAAJ
7rvNQJoAAAAJ,KP2EfmcAAAAJ
7rvNQJoAAAAJ,tQVe-fAAAAAJ
7rvNQJoAAAAJ,v_IaAIcAAAAJ
7rvNQJoAAAAJ,e9XBrxYAAAAJ
7rvNQJoAAAAJ,Fr9Vhe4AAAAJ
7rvNQJoAAAAJ,YPQ8M_UAAAAJ
7rvNQJoAAAAJ,5barf50AAAAJ
7rvNQJoAAAAJ,ySpnj0MAAAAJ
7rvNQJoAAAAJ,YZYne64AAAAJ
7rvNQJoAAAAJ,8R35rCwAAAAJ
7rvNQJoAAAAJ,O2nUrQIAAAAJ
7rvNQJoAAAAJ,5mSpljoAAAAJ
7rvNQJoAAAAJ,4KKSiIkAAAAJ
7rvNQJoAAAAJ,Ca2lQs8AAAAJ
7rvNQJoAAAAJ,_wHMGkUAAAAJ
7rvNQJoAAAAJ,01EOkNEAAAAJ
gufUoeMAAAAJ,fYZTyFEAAAAJ
gufUoeMAAAAJ,2gvyN5oAAAAJ
gufUoeMAAAAJ,s2A0MOIAAAAJ
gufUoeMAAAAJ,LXz7zFAAAAAJ
gufUoeMAAAAJ,IytOChAAAAAJ
gufUoeMAAAAJ,5barf50AAAAJ
gufUoeMAAAAJ,1uxQsZ0AAAAJ
gufUoeMAAAAJ,aqAY9P0AAAAJ
gufUoeMAAAAJ,cHyTJG4AAAAJ
gufUoeMAAAAJ,bG6U1qgAAAAJ
gufUoeMAAAAJ,Z1YxOtUAAAAJ
gufUoeMAAAAJ,S50hcbsAAAAJ
gufUoeMAAAAJ,wHOelLAAAAAJ
gufUoeMAAAAJ,noskMO0AAAAJ
gufUoeMAAAAJ,3HScEYcAAAAJ
gufUoeMAAAAJ,yUstZncAAAAJ
8r-z0wIAAAAJ,FOjlzgoAAAAJ
8r-z0wIAAAAJ,pCggYOEAAAAJ
8r-z0wIAAAAJ,5barf50AAAAJ
8r-z0wIAAAAJ,RenLRtsAAAAJ
8r-z0wIAAAAJ,1zvpCDcAAAAJ
8r-z0wIAAAAJ,zC-MstIAAAAJ
8r-z0wIAAAAJ,5Vls5NAAAAAJ
8r-z0wIAAAAJ,yQ5Th-sAAAAJ
8r-z0wIAAAAJ,Fv36axgAAAAJ
8r-z0wIAAAAJ,Wy672r4AAAAJ
8r-z0wIAAAAJ,xq2X5EsAAAAJ
8r-z0wIAAAAJ,V2LO-5wAAAAJ
8r-z0wIAAAAJ,Hm0UA64AAAAJ
8r-z0wIAAAAJ,5C5p0osAAAAJ
XF6CY14AAAAJ,fA6rT1sAAAAJ
XF6CY14AAAAJ,5barf50AAAAJ
XF6CY14AAAAJ,71WLwe8AAAAJ
XF6CY14AAAAJ,WjrAnsQAAAAJ
XF6CY14AAAAJ,6l15pMEAAAAJ
XF6CY14AAAAJ,nuOYO60AAAAJ
XF6CY14AAAAJ,YMvmUQkAAAAJ
XF6CY14AAAAJ,r1cF30oAAAAJ
kdlB8AoAAAAJ,tcljVjEAAAAJ
kdlB8AoAAAAJ,oESKXY0AAAAJ
kdlB8AoAAAAJ,1Dle2BsAAAAJ
kdlB8AoAAAAJ,JL-rYgsAAAAJ
kdlB8AoAAAAJ,vwFodR0AAAAJ
kdlB8AoAAAAJ,8kqTGwwAAAAJ
kdlB8AoAAAAJ,AzRrG3gAAAAJ
kdlB8AoAAAAJ,b3t5a7gAAAAJ
kdlB8AoAAAAJ,i1qPt1EAAAAJ
kdlB8AoAAAAJ,P1d_AKAAAAAJ
kdlB8AoAAAAJ,AueraJcAAAAJ
kdlB8AoAAAAJ,7fV5Kn0AAAAJ
kdlB8AoAAAAJ,7csAfNEAAAAJ
kdlB8AoAAAAJ,pdFJ2C0AAAAJ
kdlB8AoAAAAJ,MupfF5wAAAAJ
kdlB8AoAAAAJ,SBwOGCMAAAAJ
kdlB8AoAAAAJ,fA6rT1sAAAAJ
kdlB8AoAAAAJ,Sea2CsIAAAAJ
kdlB8AoAAAAJ,i9AdNFsAAAAJ
kdlB8AoAAAAJ,r0qg8vsAAAAJ
kdlB8AoAAAAJ,5barf50AAAAJ
kdlB8AoAAAAJ,KDhGvNQAAAAJ
kdlB8AoAAAAJ,F6PTpCoAAAAJ
kdlB8AoAAAAJ,cYhIv9IAAAAJ
kdlB8AoAAAAJ,4jVhnnEAAAAJ
kdlB8AoAAAAJ,g0Z4mt4AAAAJ
kdlB8AoAAAAJ,f5-7gM8AAAAJ
kdlB8AoAAAAJ,2Ng0rToAAAAJ
kdlB8AoAAAAJ,nGVHpi0AAAAJ
kdlB8AoAAAAJ,HAXyQQgAAAAJ
kdlB8AoAAAAJ,MOiB_W4AAAAJ
kdlB8AoAAAAJ,spfWnbkAAAAJ
kdlB8AoAAAAJ,6PimzlkAAAAJ
kdlB8AoAAAAJ,1jKKInMAAAAJ
kdlB8AoAAAAJ,bHkDO7AAAAAJ
kdlB8AoAAAAJ,kJLvjQ4AAAAJ
kdlB8AoAAAAJ,bO9WWLMAAAAJ
kdlB8AoAAAAJ,zgZmOrcAAAAJ
kdlB8AoAAAAJ,i08Yxw4AAAAJ
kdlB8AoAAAAJ,Stme41sAAAAJ
kdlB8AoAAAAJ,kTtlGU4AAAAJ
kdlB8AoAAAAJ,tb_RYGMAAAAJ
kdlB8AoAAAAJ,DQiWfewAAAAJ
kdlB8AoAAAAJ,9g-NoDcAAAAJ
kdlB8AoAAAAJ,JONWN74AAAAJ
kdlB8AoAAAAJ,jp-5AqQAAAAJ
kdlB8AoAAAAJ,WQswkJUAAAAJ
kdlB8AoAAAAJ,NRlAymQAAAAJ
kdlB8AoAAAAJ,TMKQe3oAAAAJ
kdlB8AoAAAAJ,6TJd1ScAAAAJ
kdlB8AoAAAAJ,DAa1_GEAAAAJ
kdlB8AoAAAAJ,unwawwoAAAAJ
kdlB8AoAAAAJ,XJyoM3gAAAAJ
kdlB8AoAAAAJ,m6PbJcIAAAAJ
kdlB8AoAAAAJ,9XJum2AAAAAJ
kdlB8AoAAAAJ,wo4LePAAAAAJ
kdlB8AoAAAAJ,7eBb6G0AAAAJ
kdlB8AoAAAAJ,RzEDivQAAAAJ
kdlB8AoAAAAJ,M-1wKzIAAAAJ
kdlB8AoAAAAJ,yRSzNv0AAAAJ
KaPH3E4AAAAJ,kAUuzqwAAAAJ
KaPH3E4AAAAJ,AVozONUAAAAJ
KaPH3E4AAAAJ,kOucsncAAAAJ
KaPH3E4AAAAJ,Ubp6biYAAAAJ
KaPH3E4AAAAJ,3wnhA1EAAAAJ
KaPH3E4AAAAJ,Ok2Ap7YAAAAJ
KaPH3E4AAAAJ,sqAW_FsAAAAJ
KaPH3E4AAAAJ,YWDhpbYAAAAJ
KaPH3E4AAAAJ,JbHDDBoAAAAJ
KaPH3E4AAAAJ,2C0fkiUAAAAJ
KaPH3E4AAAAJ,wwL3B3AAAAAJ
KaPH3E4AAAAJ,QjP4uv8AAAAJ
kOucsncAAAAJ,3wnhA1EAAAAJ
kOucsncAAAAJ,YqoIdmAAAAAJ
kOucsncAAAAJ,zXUdA-IAAAAJ
kOucsncAAAAJ,kAUuzqwAAAAJ
kOucsncAAAAJ,E7gOgRsAAAAJ
kOucsncAAAAJ,Cxic30QAAAAJ
6VW1kJgAAAAJ,nom_JY8AAAAJ
6VW1kJgAAAAJ,uKc0iCUAAAAJ
6VW1kJgAAAAJ,0ycnKd8AAAAJ
6VW1kJgAAAAJ,ZIw-AGsAAAAJ
6VW1kJgAAAAJ,aoYy-yUAAAAJ
6VW1kJgAAAAJ,m6pbDsoAAAAJ
6VW1kJgAAAAJ,HLg45MEAAAAJ
6VW1kJgAAAAJ,sh0k7woAAAAJ
6VW1kJgAAAAJ,wO-YMEEAAAAJ
6VW1kJgAAAAJ,yhDMl8AAAAAJ
6VW1kJgAAAAJ,WGnn1TkAAAAJ
6VW1kJgAAAAJ,RKGsk9cAAAAJ
6VW1kJgAAAAJ,7Y8ZMnoAAAAJ
6VW1kJgAAAAJ,_6wKAewAAAAJ
6VW1kJgAAAAJ,l9Or8EMAAAAJ
6VW1kJgAAAAJ,U5pLNcIAAAAJ
6VW1kJgAAAAJ,lgqj9SoAAAAJ
6VW1kJgAAAAJ,ge1lyx0AAAAJ
6VW1kJgAAAAJ,nlNC3hQAAAAJ
6VW1kJgAAAAJ,MnLiNvcAAAAJ
6VW1kJgAAAAJ,NkivhQMAAAAJ
6VW1kJgAAAAJ,G1WMpcUAAAAJ
6VW1kJgAAAAJ,c4yK72IAAAAJ
6VW1kJgAAAAJ,N26qXNIAAAAJ
6VW1kJgAAAAJ,kdKzEIIAAAAJ
6VW1kJgAAAAJ,FTMZX7oAAAAJ
6VW1kJgAAAAJ,LmhqcScAAAAJ
6VW1kJgAAAAJ,NzEcUIAAAAAJ
6VW1kJgAAAAJ,93kvGZkAAAAJ
6VW1kJgAAAAJ,TBW4X_0AAAAJ
6VW1kJgAAAAJ,_VbalzIAAAAJ
6VW1kJgAAAAJ,MhE2uTQAAAAJ
6VW1kJgAAAAJ,uVVxqXIAAAAJ
6VW1kJgAAAAJ,MlFf2igAAAAJ
6VW1kJgAAAAJ,7Q7uZWMAAAAJ
6VW1kJgAAAAJ,b1YlQLkAAAAJ
6VW1kJgAAAAJ,QB_fwL8AAAAJ
6VW1kJgAAAAJ,Bw33IwgAAAAJ
6VW1kJgAAAAJ,fMSP908AAAAJ
6VW1kJgAAAAJ,pDxx26wAAAAJ
6VW1kJgAAAAJ,0m4ptDgAAAAJ
6VW1kJgAAAAJ,5XebTdkAAAAJ
6VW1kJgAAAAJ,dYwbc9sAAAAJ
6VW1kJgAAAAJ,5barf50AAAAJ
6VW1kJgAAAAJ,3cz2adUAAAAJ
6VW1kJgAAAAJ,YiPHXssAAAAJ
6VW1kJgAAAAJ,SgxgOfQAAAAJ
6VW1kJgAAAAJ,a2vrNw4AAAAJ
6VW1kJgAAAAJ,tvyidm4AAAAJ
6VW1kJgAAAAJ,AO33ekIAAAAJ
6VW1kJgAAAAJ,fVcFAiIAAAAJ
6VW1kJgAAAAJ,AGD0BOcAAAAJ
6VW1kJgAAAAJ,irB2YvAAAAAJ
6VW1kJgAAAAJ,LbHLMD8AAAAJ
6VW1kJgAAAAJ,mlrs2qUAAAAJ
6VW1kJgAAAAJ,iO2Qc24AAAAJ
6VW1kJgAAAAJ,OkYbTPcAAAAJ
6VW1kJgAAAAJ,iT7_PykAAAAJ
6VW1kJgAAAAJ,4fyZLIoAAAAJ
6VW1kJgAAAAJ,qUid6HgAAAAJ
6VW1kJgAAAAJ,DV3b0VYAAAAJ
6VW1kJgAAAAJ,LBhbk_gAAAAJ
6VW1kJgAAAAJ,XMlSKFcAAAAJ
6VW1kJgAAAAJ,Q4p0TV4AAAAJ
6VW1kJgAAAAJ,zN44IxoAAAAJ
6VW1kJgAAAAJ,2Xh1H24AAAAJ
6VW1kJgAAAAJ,ubDf3B4AAAAJ
6VW1kJgAAAAJ,AO74T6gAAAAJ
6VW1kJgAAAAJ,OKI3VfUAAAAJ
6VW1kJgAAAAJ,HtVth_4AAAAJ
6VW1kJgAAAAJ,T9GPNRQAAAAJ
6VW1kJgAAAAJ,lI1qjkgAAAAJ
6VW1kJgAAAAJ,eMKcEkwAAAAJ
6VW1kJgAAAAJ,qjJg6akAAAAJ
6VW1kJgAAAAJ,aG3PgtIAAAAJ
6VW1kJgAAAAJ,QcQiUtsAAAAJ
6VW1kJgAAAAJ,8pPansoAAAAJ
6VW1kJgAAAAJ,QOynW6gAAAAJ
6VW1kJgAAAAJ,8tE6CgEAAAAJ
6VW1kJgAAAAJ,QYoK7RIAAAAJ
6VW1kJgAAAAJ,CXgQufgAAAAJ
6VW1kJgAAAAJ,nUlanA8AAAAJ
6VW1kJgAAAAJ,iOLC30YAAAAJ
6VW1kJgAAAAJ,K2WfIlsAAAAJ
6VW1kJgAAAAJ,5a8ZQn4AAAAJ
6VW1kJgAAAAJ,xuLKJboAAAAJ
6VW1kJgAAAAJ,wkZLqMMAAAAJ
6VW1kJgAAAAJ,5ZyZ9JwAAAAJ
6VW1kJgAAAAJ,pnKot3MAAAAJ
6VW1kJgAAAAJ,At5vIhgAAAAJ
6VW1kJgAAAAJ,Srs1JcoAAAAJ
6VW1kJgAAAAJ,w_wRq7cAAAAJ
wO-YMEEAAAAJ,NzEcUIAAAAAJ
wO-YMEEAAAAJ,6VW1kJgAAAAJ
wO-YMEEAAAAJ,Hfat62oAAAAJ
wO-YMEEAAAAJ,0ycnKd8AAAAJ
wO-YMEEAAAAJ,bJJkVP0AAAAJ
wO-YMEEAAAAJ,BsjdXV0AAAAJ
wO-YMEEAAAAJ,-3SHgwUAAAAJ
wO-YMEEAAAAJ,YHSRCCsAAAAJ
wO-YMEEAAAAJ,mGpnlA8AAAAJ
wO-YMEEAAAAJ,-5klT-kAAAAJ
wO-YMEEAAAAJ,pmCKwgsAAAAJ
wO-YMEEAAAAJ,sIRUolwAAAAJ
wO-YMEEAAAAJ,mbiQ4ukAAAAJ
wO-YMEEAAAAJ,5barf50AAAAJ
wO-YMEEAAAAJ,LbHLMD8AAAAJ
wO-YMEEAAAAJ,T8GAoYMAAAAJ
wO-YMEEAAAAJ,fy2LuPgAAAAJ
wO-YMEEAAAAJ,51it_LkAAAAJ
wO-YMEEAAAAJ,2b2LXp8AAAAJ
wO-YMEEAAAAJ,MOiB_W4AAAAJ
wO-YMEEAAAAJ,EBQH680AAAAJ
wO-YMEEAAAAJ,ZzSzTsIAAAAJ
wO-YMEEAAAAJ,g_-M8x0AAAAJ
wO-YMEEAAAAJ,eEdu4ZwAAAAJ
wO-YMEEAAAAJ,_0_STYoAAAAJ
NzEcUIAAAAAJ,wO-YMEEAAAAJ
NzEcUIAAAAAJ,6R_2EvEAAAAJ
NzEcUIAAAAAJ,Hfat62oAAAAJ
NzEcUIAAAAAJ,6VW1kJgAAAAJ
NzEcUIAAAAAJ,BsjdXV0AAAAJ
NzEcUIAAAAAJ,toY6cVIAAAAJ
NzEcUIAAAAAJ,LbHLMD8AAAAJ
NzEcUIAAAAAJ,5barf50AAAAJ
NzEcUIAAAAAJ,zIIF4ogAAAAJ
NzEcUIAAAAAJ,zXUdA-IAAAAJ
NzEcUIAAAAAJ,b2ZJ5UUAAAAJ
NzEcUIAAAAAJ,8RdtfO0AAAAJ
NzEcUIAAAAAJ,MOiB_W4AAAAJ
NzEcUIAAAAAJ,QFxVhVEAAAAJ
NzEcUIAAAAAJ,pnKot3MAAAAJ
NzEcUIAAAAAJ,bJJkVP0AAAAJ
NzEcUIAAAAAJ,XMyvcjsAAAAJ
NzEcUIAAAAAJ,mbiQ4ukAAAAJ
NzEcUIAAAAAJ,9OE9xVkAAAAJ
itj-WrUAAAAJ,HEdXeQkAAAAJ
itj-WrUAAAAJ,qKlV4e0AAAAJ
itj-WrUAAAAJ,RxcxV74AAAAJ
itj-WrUAAAAJ,sDYv4aIAAAAJ
itj-WrUAAAAJ,Q0wr0HUAAAAJ
itj-WrUAAAAJ,5barf50AAAAJ
itj-WrUAAAAJ,S80aHqcAAAAJ
itj-WrUAAAAJ,QxqTO_QAAAAJ
itj-WrUAAAAJ,9-cp9uUAAAAJ
qKlV4e0AAAAJ,Ud9zXkoAAAAJ
qKlV4e0AAAAJ,itj-WrUAAAAJ
qKlV4e0AAAAJ,RxcxV74AAAAJ
qKlV4e0AAAAJ,Nm4MrpcAAAAJ
qKlV4e0AAAAJ,HEdXeQkAAAAJ
qKlV4e0AAAAJ,4S3KTg4AAAAJ
qKlV4e0AAAAJ,olSjNqcAAAAJ
qKlV4e0AAAAJ,NmSyTn4AAAAJ
qKlV4e0AAAAJ,C-8dB48AAAAJ
qKlV4e0AAAAJ,5barf50AAAAJ
qKlV4e0AAAAJ,Q0wr0HUAAAAJ
qKlV4e0AAAAJ,2bW-lQsAAAAJ
qKlV4e0AAAAJ,6iqNoRUAAAAJ
qKlV4e0AAAAJ,N1Xi0MwAAAAJ
qKlV4e0AAAAJ,akGtZlwAAAAJ
qKlV4e0AAAAJ,7dRxeSMAAAAJ
qKlV4e0AAAAJ,fOWEO7EAAAAJ
qKlV4e0AAAAJ,w5JLEH0AAAAJ
qKlV4e0AAAAJ,1JeIKsgAAAAJ
qKlV4e0AAAAJ,KEl7a7AAAAAJ
qKlV4e0AAAAJ,n7aN790AAAAJ
qKlV4e0AAAAJ,qpG4hUQAAAAJ
qKlV4e0AAAAJ,obLP8aYAAAAJ
qKlV4e0AAAAJ,nv0rIKoAAAAJ
qKlV4e0AAAAJ,XqOnRg0AAAAJ
qKlV4e0AAAAJ,7sKI2tIAAAAJ
qKlV4e0AAAAJ,HmzCy64AAAAJ
Jg0xyqMAAAAJ,dNhIrRwAAAAJ
Jg0xyqMAAAAJ,5barf50AAAAJ
Jg0xyqMAAAAJ,xSShFucAAAAJ
Jg0xyqMAAAAJ,0j82H0sAAAAJ
oIAOI2AAAAAJ,aKw41vsAAAAJ
oIAOI2AAAAAJ,v3DfWgQAAAAJ
oIAOI2AAAAAJ,RZid9X8AAAAJ
oIAOI2AAAAAJ,3wrVpcYAAAAJ
oIAOI2AAAAAJ,e11Cg-kAAAAJ
oIAOI2AAAAAJ,ph69ZvYAAAAJ
oIAOI2AAAAAJ,cHyTJG4AAAAJ
oIAOI2AAAAAJ,5barf50AAAAJ
oIAOI2AAAAAJ,yD9naeIAAAAJ
oIAOI2AAAAAJ,ZKkp-ewAAAAJ
yeClg0QAAAAJ,LDBVu04AAAAJ
yeClg0QAAAAJ,YPJIv4QAAAAJ
yeClg0QAAAAJ,rAukAy8AAAAJ
yeClg0QAAAAJ,5barf50AAAAJ
yeClg0QAAAAJ,OTJoPikAAAAJ
yeClg0QAAAAJ,Ba87m8EAAAAJ
9xfo_q0AAAAJ,C1vW0OIAAAAJ
9xfo_q0AAAAJ,5barf50AAAAJ
9xfo_q0AAAAJ,9aKkSh8AAAAJ
9xfo_q0AAAAJ,JA4sHP4AAAAJ
9xfo_q0AAAAJ,jp-5AqQAAAAJ
9xfo_q0AAAAJ,b1YlQLkAAAAJ
9zJazBUAAAAJ,UBkmYe4AAAAJ
9zJazBUAAAAJ,RnMhSaQAAAAJ
9zJazBUAAAAJ,5barf50AAAAJ
9zJazBUAAAAJ,uuRzA0MAAAAJ
Z1YxOtUAAAAJ,MUiGoMwAAAAJ
Z1YxOtUAAAAJ,ZjX0crAAAAAJ
Z1YxOtUAAAAJ,B-gTuqEAAAAJ
Z1YxOtUAAAAJ,LMhLg20AAAAJ
Z1YxOtUAAAAJ,6Sb63foAAAAJ
Z1YxOtUAAAAJ,kbU8I1UAAAAJ
Z1YxOtUAAAAJ,fGqeI7wAAAAJ
Z1YxOtUAAAAJ,UbtDCpcAAAAJ
Z1YxOtUAAAAJ,TsdTon8AAAAJ
Z1YxOtUAAAAJ,7bkblcwAAAAJ
Z1YxOtUAAAAJ,A3KTBikAAAAJ
Z1YxOtUAAAAJ,pGvWCH4AAAAJ
Z1YxOtUAAAAJ,XGuCxu4AAAAJ
Z1YxOtUAAAAJ,vc40rVYAAAAJ
Z1YxOtUAAAAJ,2dMbpWkAAAAJ
Z1YxOtUAAAAJ,KDaJhw8AAAAJ
Z1YxOtUAAAAJ,ejS866sAAAAJ
Z1YxOtUAAAAJ,PgyxsbsAAAAJ
Z1YxOtUAAAAJ,b6tIduoAAAAJ
Z1YxOtUAAAAJ,0l3gMgoAAAAJ
Z1YxOtUAAAAJ,NwpBCIIAAAAJ
Z1YxOtUAAAAJ,sMplIbQAAAAJ
Z1YxOtUAAAAJ,rJliK1UAAAAJ
Z1YxOtUAAAAJ,zlQYEFMAAAAJ
Z1YxOtUAAAAJ,-zaDQ10AAAAJ
Z1YxOtUAAAAJ,MupfF5wAAAAJ
Z1YxOtUAAAAJ,7x1e0UYAAAAJ
Z1YxOtUAAAAJ,8A1uoAUAAAAJ
Z1YxOtUAAAAJ,4ZkJQVEAAAAJ
Z1YxOtUAAAAJ,9Ib8LKUAAAAJ
Z1YxOtUAAAAJ,o39VmbAAAAAJ
Z1YxOtUAAAAJ,8cbO_FYAAAAJ
Z1YxOtUAAAAJ,Eao7yZIAAAAJ
Z1YxOtUAAAAJ,t5JoLZ4AAAAJ
Z1YxOtUAAAAJ,BmVRqrQAAAAJ
Z1YxOtUAAAAJ,sRxiIw0AAAAJ
Z1YxOtUAAAAJ,YlPwh40AAAAJ
Z1YxOtUAAAAJ,_-PEelMAAAAJ
Z1YxOtUAAAAJ,pDTgrhgAAAAJ
Z1YxOtUAAAAJ,rPsjQbIAAAAJ
Z1YxOtUAAAAJ,mnq3780AAAAJ
Z1YxOtUAAAAJ,SFu8sdUAAAAJ
Z1YxOtUAAAAJ,8hbzZB0AAAAJ
Z1YxOtUAAAAJ,gufUoeMAAAAJ
Z1YxOtUAAAAJ,5barf50AAAAJ
Z1YxOtUAAAAJ,IICfONcAAAAJ
Z1YxOtUAAAAJ,7SBs6jkAAAAJ
Z1YxOtUAAAAJ,uF8tRWQAAAAJ
Z1YxOtUAAAAJ,vQrFgocAAAAJ
Z1YxOtUAAAAJ,qZWmQGsAAAAJ
006pbDoAAAAJ,zxtLSAgAAAAJ
006pbDoAAAAJ,QkL7H00AAAAJ
006pbDoAAAAJ,yOv2g1MAAAAJ
006pbDoAAAAJ,f2VVkl8AAAAJ
006pbDoAAAAJ,5barf50AAAAJ
006pbDoAAAAJ,-1Gpm0QAAAAJ
2HUzHkwAAAAJ,LaOnzPYAAAAJ
2HUzHkwAAAAJ,uAJ515sAAAAJ
2HUzHkwAAAAJ,fYkrlAUAAAAJ
2HUzHkwAAAAJ,5barf50AAAAJ
2HUzHkwAAAAJ,pCggYOEAAAAJ
2HUzHkwAAAAJ,qsPKyNMAAAAJ
2HUzHkwAAAAJ,JnFggesAAAAJ
2HUzHkwAAAAJ,3G-Oh2YAAAAJ
2HUzHkwAAAAJ,SHKUJLkAAAAJ
2HUzHkwAAAAJ,oyCrJNkAAAAJ
ZSP-R5oAAAAJ,W2YRnsUAAAAJ
ZSP-R5oAAAAJ,cHyTJG4AAAAJ
ZSP-R5oAAAAJ,912JwcwAAAAJ
ZSP-R5oAAAAJ,3wnhA1EAAAAJ
ZSP-R5oAAAAJ,YByxmCUAAAAJ
ZSP-R5oAAAAJ,JJ7cDOQAAAAJ
ZSP-R5oAAAAJ,KaPH3E4AAAAJ
ZSP-R5oAAAAJ,_VpS8TAAAAAJ
ZSP-R5oAAAAJ,Zro71u8AAAAJ
ThuOJWUAAAAJ,CbiLk0YAAAAJ
ThuOJWUAAAAJ,dNhIrRwAAAAJ
ThuOJWUAAAAJ,5barf50AAAAJ
ThuOJWUAAAAJ,xSShFucAAAAJ
ThuOJWUAAAAJ,QFFDsScAAAAJ
ThuOJWUAAAAJ,0j82H0sAAAAJ
pDTgrhgAAAAJ,4zyy7esAAAAJ
pDTgrhgAAAAJ,fLaDhwoAAAAJ
pDTgrhgAAAAJ,sMplIbQAAAAJ
pDTgrhgAAAAJ,IcEsJfAAAAAJ
pDTgrhgAAAAJ,-_8QMZIAAAAJ
pDTgrhgAAAAJ,fXRMN8MAAAAJ
pDTgrhgAAAAJ,GcQ6p7gAAAAJ
pDTgrhgAAAAJ,RN8sb0oAAAAJ
pDTgrhgAAAAJ,Ti-2_wUAAAAJ
pDTgrhgAAAAJ,olwQaK8AAAAJ
pDTgrhgAAAAJ,Wd8CL4EAAAAJ
pDTgrhgAAAAJ,k2uOCu0AAAAJ
pDTgrhgAAAAJ,--WN2j4AAAAJ
pDTgrhgAAAAJ,ZsdrE8wAAAAJ
pDTgrhgAAAAJ,_G2nlf8AAAAJ
pDTgrhgAAAAJ,cyCp3pIAAAAJ
pDTgrhgAAAAJ,alGkrRQAAAAJ
pDTgrhgAAAAJ,l2KlptIAAAAJ
pDTgrhgAAAAJ,DZryMhIAAAAJ
pDTgrhgAAAAJ,qjJg6akAAAAJ
pDTgrhgAAAAJ,sPtFRB8AAAAJ
pDTgrhgAAAAJ,Z1YxOtUAAAAJ
pDTgrhgAAAAJ,3JV6l3oAAAAJ
pDTgrhgAAAAJ,OtbDeeIAAAAJ
pDTgrhgAAAAJ,VPz1QjEAAAAJ
pDTgrhgAAAAJ,TjIVsSAAAAAJ
