Link,Ja_visto
5barf50AAAAJ,True
QFxVhVEAAAAJ,True
uVVxqXIAAAAJ,True
4Z9et2IAAAAJ,True
aSOW6S4AAAAJ,True
RUwmMb8AAAAJ,True
2yBbnBAAAAAJ,True
JeIV70QAAAAJ,True
d6BpAy8AAAAJ,True
F5Ozy3UAAAAJ,True
jvC6ONYAAAAJ,True
YpjnLP4AAAAJ,True
jt_wajQAAAAJ,True
noskMO0AAAAJ,True
3wnhA1EAAAAJ,True
F1av4IIAAAAJ,True
kAUuzqwAAAAJ,True
JQ3VaCkAAAAJ,True
s2A0MOIAAAAJ,True
sZh8CJQAAAAJ,True
W2YRnsUAAAAJ,True
xSShFucAAAAJ,True
uXe4enkAAAAJ,True
zXUdA-IAAAAJ,True
BdmHCbcAAAAJ,True
dNhIrRwAAAAJ,True
pCggYOEAAAAJ,True
JskklHQAAAAJ,True
fYZTyFEAAAAJ,True
cHyTJG4AAAAJ,True
kNk2axEAAAAJ,True
yUstZncAAAAJ,True
jUBi1GkAAAAJ,True
CjRMyA4AAAAJ,True
8WJYLh0AAAAJ,True
UBkmYe4AAAAJ,True
HEdXeQkAAAAJ,True
1ELUyUEAAAAJ,True
aCsO6RMAAAAJ,True
cS59-XIAAAAJ,True
dteLMj8AAAAJ,True
3sS2B-kAAAAJ,True
7rvNQJoAAAAJ,True
gufUoeMAAAAJ,True
8r-z0wIAAAAJ,True
XF6CY14AAAAJ,True
kdlB8AoAAAAJ,True
KaPH3E4AAAAJ,True
T332QRgAAAAJ,True
kOucsncAAAAJ,True
6VW1kJgAAAAJ,True
wO-YMEEAAAAJ,True
NzEcUIAAAAAJ,True
c2YsAWcAAAAJ,True
C1vW0OIAAAAJ,True
itj-WrUAAAAJ,True
qKlV4e0AAAAJ,True
yoYhFRcBy3QC,True
Jg0xyqMAAAAJ,True
oIAOI2AAAAAJ,True
qBwMcNIAAAAJ,True
yeClg0QAAAAJ,True
9xfo_q0AAAAJ,True
9zJazBUAAAAJ,True
Z1YxOtUAAAAJ,True
4ZkJQVEAAAAJ,True
G4Kw3oEAAAAJ,True
006pbDoAAAAJ,True
fYkrlAUAAAAJ,True
2HUzHkwAAAAJ,True
iJgoqmQAAAAJ,True
QccNyFUAAAAJ,True
ZSP-R5oAAAAJ,True
i_B3PDMAAAAJ,True
Cgoc25cAAAAJ,True
ThuOJWUAAAAJ,True
pDTgrhgAAAAJ,True
_G_tj6MAAAAJ,False
0j82H0sAAAAJ,False
WLmadTQAAAAJ,False
_3a0Bi0AAAAJ,False
n93QXi0AAAAJ,False
yQHQCC0AAAAJ,False
gVTC98QAAAAJ,False
ZfDbh7oAAAAJ,False
8TSQo4UAAAAJ,False
U4JuEFwAAAAJ,False
o6FHHYkAAAAJ,False
CMTZeSoAAAAJ,False
np24L3MAAAAJ,False
nar00gIAAAAJ,False
TNdmZVEAAAAJ,False
rrIp8rMAAAAJ,False
jKZfE1koVBsC,False
ZIw-AGsAAAAJ,False
t20dQloAAAAJ,False
nom_JY8AAAAJ,False
0AY3Qt0AAAAJ,False
fOeHVMUAAAAJ,False
eNa4vzgAAAAJ,False
kiSSJhwAAAAJ,False
q3fB9gYAAAAJ,False
9RjwMEAAAAAJ,False
ZgdNMrgAAAAJ,False
VyPhl7oAAAAJ,False
9WMU4HskwasC,False
wJJLcZoAAAAJ,False
CNWJsjYAAAAJ,False
XU1xaUIAAAAJ,False
resLKiwAAAAJ,False
EEaWWMMAAAAJ,False
4_jykaYAAAAJ,False
paYBFFcAAAAJ,False
2mLqyf4AAAAJ,False
qVIulzoAAAAJ,False
SNafy7MAAAAJ,False
2TKG5hAAAAAJ,False
gqkpNpQAAAAJ,False
8IWkmnEAAAAJ,False
kZ-mZeEAAAAJ,False
bO8QBlwAAAAJ,False
4AyPaUwAAAAJ,False
uGo8v7kAAAAJ,False
fyaxzaIAAAAJ,False
dYwbc9sAAAAJ,False
ZQjtYfAAAAAJ,False
bGGzp3UAAAAJ,False
7fO-QIQAAAAJ,False
4p93CdAAAAAJ,False
s9CJ03QAAAAJ,False
4wHTKPUAAAAJ,False
4wZDoW0AAAAJ,False
cjIghi8AAAAJ,False
At5vIhgAAAAJ,False
Dz0fGc4AAAAJ,False
Ed5GtKIAAAAJ,False
64lfRagAAAAJ,False
4G4cjz8AAAAJ,False
se30-eEAAAAJ,False
qygHiZsAAAAJ,False
PI2ll0AAAAAJ,False
XvQv0WkAAAAJ,False
5HuT8j8AAAAJ,False
n1MxqqoAAAAJ,False
w_wRq7cAAAAJ,False
8HAZl0wAAAAJ,False
M9iI0GEAAAAJ,False
k1e2tSUAAAAJ,False
ehYoE6UAAAAJ,False
EEPkRWIAAAAJ,False
Wfif0QQAAAAJ,False
rdZgUZwAAAAJ,False
0E1TYiwAAAAJ,False
ZbAZNYQAAAAJ,False
ATc2baYAAAAJ,False
sP7PQ5kAAAAJ,False
jODHZ90AAAAJ,False
F6ru8u0AAAAJ,False
A-W2CxcAAAAJ,False
WJaCqaQAAAAJ,False
Ek6m-HIAAAAJ,False
McUWTiwAAAAJ,False
xRCWwYsAAAAJ,False
PLD_vUoAAAAJ,False
xTq48fYAAAAJ,False
aM9PeZ8AAAAJ,False
BVke6rMAAAAJ,False
o16d9CgAAAAJ,False
f7bgy-EAAAAJ,False
otgQVT0AAAAJ,False
6otVU08AAAAJ,False
Uyh_-SwAAAAJ,False
NuGhfS0AAAAJ,False
MvwobXgAAAAJ,False
HjiEvgwAAAAJ,False
1ipdzgEAAAAJ,False
F7_3P8gAAAAJ,False
YO0X1AsAAAAJ,False
MTws4GEAAAAJ,False
lxUUhFsAAAAJ,False
Ut15iYkAAAAJ,False
HqmyBUUAAAAJ,False
pkWCNMwAAAAJ,False
AmtxNVYAAAAJ,False
HztdBcgAAAAJ,False
wtWWb9QAAAAJ,False
V0Ia4yoAAAAJ,False
tyYTIOsAAAAJ,False
y_wk8IcAAAAJ,False
DIK3tpwAAAAJ,False
zqZfDZ8AAAAJ,False
098O_ecAAAAJ,False
4qgDexIAAAAJ,False
Eh8n6TsAAAAJ,False
B7N-yQIAAAAJ,False
L3x4IcgAAAAJ,False
YByxmCUAAAAJ,False
qgeXS6IAAAAJ,False
ZUvDs_0AAAAJ,False
G-WPCrMAAAAJ,False
i846MWEAAAAJ,False
v9RlNNsAAAAJ,False
ORWa37UAAAAJ,False
7ZEYAacAAAAJ,False
Wh8odLEAAAAJ,False
WgPhMfwAAAAJ,False
FoXygPUAAAAJ,False
dxnFKaAAAAAJ,False
ynFqo_YAAAAJ,False
dDGzYjUAAAAJ,False
WjrAnsQAAAAJ,False
q4Ae43AAAAAJ,False
cH0pbIwAAAAJ,False
Z_ZD6A4AAAAJ,False
4_LjFZQAAAAJ,False
fA6rT1sAAAAJ,False
9aKkSh8AAAAJ,False
FOjlzgoAAAAJ,False
WZ0Ze_oAAAAJ,False
dlz5HeMAAAAJ,False
tUkAkSIAAAAJ,False
V04KRisAAAAJ,False
KNiO4pwAAAAJ,False
4ZunvD8AAAAJ,False
eiKATTYAAAAJ,False
wK29Q6IAAAAJ,False
Wy672r4AAAAJ,False
92_6IQEAAAAJ,False
MXVfUjgAAAAJ,False
S50hcbsAAAAJ,False
853EBVEAAAAJ,False
HgUHJAgAAAAJ,False
E6U0lkkAAAAJ,False
UaaL0PsAAAAJ,False
jm9wEPEAAAAJ,False
2gvyN5oAAAAJ,False
_eG-Kw4AAAAJ,False
ZbqYyrsAAAAJ,False
aomMorIAAAAJ,False
SzEbflMAAAAJ,False
QveXixwAAAAJ,False
KHUp5aUAAAAJ,False
uiY8ZUQAAAAJ,False
aOiIy_cAAAAJ,False
s-X_UIQAAAAJ,False
dPnQIkEAAAAJ,False
eUqxUSgAAAAJ,False
VH9BQmsAAAAJ,False
5VZCiMUAAAAJ,False
W_Ul5jMAAAAJ,False
OUv7J6QAAAAJ,False
erv7TP0AAAAJ,False
QKZBZ48AAAAJ,False
wHOelLAAAAAJ,False
yLBYtAwAAAAJ,False
LXz7zFAAAAAJ,False
XEx1fZkAAAAJ,False
sgDzD8gAAAAJ,False
cdYu2HsAAAAJ,False
d6R8eC8AAAAJ,False
WIpgkIEAAAAJ,False
NRNk844AAAAJ,False
RYEAH_gAAAAJ,False
5XIbF2wAAAAJ,False
hQ6iLrMAAAAJ,False
b-jgZIAAAAAJ,False
lnUL8x0AAAAJ,False
oWmjswoAAAAJ,False
fEfNSk4AAAAJ,False
912JwcwAAAAJ,False
j7TQJtYAAAAJ,False
42PLvfwAAAAJ,False
kZyUw8MAAAAJ,False
svWWVbwAAAAJ,False
HPve0JoAAAAJ,False
k5HsbdcAAAAJ,False
mJqmEjQAAAAJ,False
y7c-tjoAAAAJ,False
btS-l8cAAAAJ,False
F_RBceUAAAAJ,False
5zTUNsQAAAAJ,False
L288Vq4AAAAJ,False
ih_LeQYAAAAJ,False
GoarRRwAAAAJ,False
vautoG0AAAAJ,False
w8wgfCMAAAAJ,False
zz5bhxQAAAAJ,False
2vSTxYMAAAAJ,False
LZacO0sAAAAJ,False
G1umN28AAAAJ,False
aKJy4rIAAAAJ,False
wKfngPYAAAAJ,False
PuDvqn4AAAAJ,False
wdDq5nkAAAAJ,False
WAJXHzgAAAAJ,False
k42Xve8AAAAJ,False
LfMj4s0AAAAJ,False
ekb1UQEAAAAJ,False
gl79KfkAAAAJ,False
rwC5IUIAAAAJ,False
O5DGpWsAAAAJ,False
sdw9roIAAAAJ,False
iIJy0nsAAAAJ,False
0N2lgg0AAAAJ,False
h9E70BEAAAAJ,False
tv5yNIMAAAAJ,False
X5Z5aYkAAAAJ,False
jVlZ6OwAAAAJ,False
y0YUl60AAAAJ,False
itYIYM8AAAAJ,False
lfNFwgcAAAAJ,False
OwnRAwQAAAAJ,False
jCYmZFEAAAAJ,False
TFDsJ1cAAAAJ,False
rWCgvdgAAAAJ,False
BvWkS0AAAAAJ,False
24OOpyEAAAAJ,False
aB37XdAAAAAJ,False
spOVkQcAAAAJ,False
pLhbSv4AAAAJ,False
ceRf0h8AAAAJ,False
EBYtaJgAAAAJ,False
zGE6MDYAAAAJ,False
9LcxwsMAAAAJ,False
5kf1vNwAAAAJ,False
08LYEGoAAAAJ,False
ek2xg6wAAAAJ,False
0kEpxMwAAAAJ,False
4Zo8LKIAAAAJ,False
EzvbucYAAAAJ,False
tJfDOzYAAAAJ,False
Nh3BtpUAAAAJ,False
p-czaQMAAAAJ,False
0S6oWnAAAAAJ,False
pWltGkQAAAAJ,False
EqCcovwAAAAJ,False
OmK08lAAAAAJ,False
pnKot3MAAAAJ,False
dIMJYKwAAAAJ,False
sDYv4aIAAAAJ,False
Q0wr0HUAAAAJ,False
fyTL_SsAAAAJ,False
TcbggGYAAAAJ,False
c4cKEuQAAAAJ,False
S80aHqcAAAAJ,False
BB25QXUAAAAJ,False
yQm49s8AAAAJ,False
1bGVQjgAAAAJ,False
KX-0T3oAAAAJ,False
4pIOO90AAAAJ,False
g9bVJSMAAAAJ,False
P-73_XkAAAAJ,False
LBEEyeUAAAAJ,False
Hxfe1ggAAAAJ,False
PJclN20AAAAJ,False
BGEELyQAAAAJ,False
NQgtlJ8AAAAJ,False
TX23ENsAAAAJ,False
UA5E4HgAAAAJ,False
cS-iT80AAAAJ,False
1qPQXnIAAAAJ,False
1Ik4HfIAAAAJ,False
dQQP1SAAAAAJ,False
KwEOawwAAAAJ,False
LE2iaycAAAAJ,False
TvxPeOoAAAAJ,False
axQ3nTgAAAAJ,False
XOlFYg4AAAAJ,False
Ohn2o_wAAAAJ,False
sOMdjYgAAAAJ,False
Teoz1w0AAAAJ,False
f0YR-Z4AAAAJ,False
Q_5CWxwAAAAJ,False
F55XS58AAAAJ,False
5G_XTBcAAAAJ,False
PthQLNEAAAAJ,False
DywArCEAAAAJ,False
RrILMIoAAAAJ,False
L2uk6aMAAAAJ,False
hgThGaQAAAAJ,False
tnCkYWoAAAAJ,False
nD6a5hcAAAAJ,False
91vp778AAAAJ,False
VPBie-4AAAAJ,False
VWbSeyIAAAAJ,False
G9UHfbwAAAAJ,False
M8nAta0AAAAJ,False
GabESe0AAAAJ,False
B3hAvfEAAAAJ,False
s1nI0kcAAAAJ,False
6v-ADoQAAAAJ,False
flLXMpMAAAAJ,False
LBJMFbIAAAAJ,False
bkYAeZcAAAAJ,False
rDYuvdIAAAAJ,False
Apv4fZQAAAAJ,False
f9Cg66kAAAAJ,False
B3Vt0j0AAAAJ,False
aaQJ_XsAAAAJ,False
PI1zV3YAAAAJ,False
ksvtHwMAAAAJ,False
x7AtGoUAAAAJ,False
--5RUdgAAAAJ,False
HzbaZacAAAAJ,False
UiqiIU0AAAAJ,False
0kJ4bp4AAAAJ,False
uyEe9OYAAAAJ,False
FdvKJcIAAAAJ,False
OEivUAQAAAAJ,False
vOur3Q4AAAAJ,False
Wr8pFkEAAAAJ,False
g7OdJn8AAAAJ,False
KP2EfmcAAAAJ,False
tQVe-fAAAAAJ,False
v_IaAIcAAAAJ,False
e9XBrxYAAAAJ,False
Fr9Vhe4AAAAJ,False
YPQ8M_UAAAAJ,False
ySpnj0MAAAAJ,False
YZYne64AAAAJ,False
8R35rCwAAAAJ,False
O2nUrQIAAAAJ,False
5mSpljoAAAAJ,False
4KKSiIkAAAAJ,False
Ca2lQs8AAAAJ,False
_wHMGkUAAAAJ,False
01EOkNEAAAAJ,False
IytOChAAAAAJ,False
1uxQsZ0AAAAJ,False
aqAY9P0AAAAJ,False
bG6U1qgAAAAJ,False
3HScEYcAAAAJ,False
RenLRtsAAAAJ,False
1zvpCDcAAAAJ,False
zC-MstIAAAAJ,False
5Vls5NAAAAAJ,False
yQ5Th-sAAAAJ,False
Fv36axgAAAAJ,False
xq2X5EsAAAAJ,False
V2LO-5wAAAAJ,False
Hm0UA64AAAAJ,False
5C5p0osAAAAJ,False
71WLwe8AAAAJ,False
6l15pMEAAAAJ,False
nuOYO60AAAAJ,False
YMvmUQkAAAAJ,False
r1cF30oAAAAJ,False
tcljVjEAAAAJ,False
oESKXY0AAAAJ,False
1Dle2BsAAAAJ,False
JL-rYgsAAAAJ,False
vwFodR0AAAAJ,False
8kqTGwwAAAAJ,False
AzRrG3gAAAAJ,False
b3t5a7gAAAAJ,False
i1qPt1EAAAAJ,False
P1d_AKAAAAAJ,False
AueraJcAAAAJ,False
7fV5Kn0AAAAJ,False
7csAfNEAAAAJ,False
pdFJ2C0AAAAJ,False
MupfF5wAAAAJ,False
SBwOGCMAAAAJ,False
Sea2CsIAAAAJ,False
i9AdNFsAAAAJ,False
r0qg8vsAAAAJ,False
KDhGvNQAAAAJ,False
F6PTpCoAAAAJ,False
cYhIv9IAAAAJ,False
4jVhnnEAAAAJ,False
g0Z4mt4AAAAJ,False
f5-7gM8AAAAJ,False
2Ng0rToAAAAJ,False
nGVHpi0AAAAJ,False
HAXyQQgAAAAJ,False
MOiB_W4AAAAJ,False
spfWnbkAAAAJ,False
6PimzlkAAAAJ,False
1jKKInMAAAAJ,False
bHkDO7AAAAAJ,False
kJLvjQ4AAAAJ,False
bO9WWLMAAAAJ,False
zgZmOrcAAAAJ,False
i08Yxw4AAAAJ,False
Stme41sAAAAJ,False
kTtlGU4AAAAJ,False
tb_RYGMAAAAJ,False
DQiWfewAAAAJ,False
9g-NoDcAAAAJ,False
JONWN74AAAAJ,False
jp-5AqQAAAAJ,False
WQswkJUAAAAJ,False
NRlAymQAAAAJ,False
TMKQe3oAAAAJ,False
6TJd1ScAAAAJ,False
DAa1_GEAAAAJ,False
unwawwoAAAAJ,False
XJyoM3gAAAAJ,False
m6PbJcIAAAAJ,False
9XJum2AAAAAJ,False
wo4LePAAAAAJ,False
7eBb6G0AAAAJ,False
RzEDivQAAAAJ,False
M-1wKzIAAAAJ,False
yRSzNv0AAAAJ,False
AVozONUAAAAJ,False
Ubp6biYAAAAJ,False
Ok2Ap7YAAAAJ,False
sqAW_FsAAAAJ,False
YWDhpbYAAAAJ,False
JbHDDBoAAAAJ,False
2C0fkiUAAAAJ,False
wwL3B3AAAAAJ,False
QjP4uv8AAAAJ,False
YqoIdmAAAAAJ,False
E7gOgRsAAAAJ,False
Cxic30QAAAAJ,False
uKc0iCUAAAAJ,False
0ycnKd8AAAAJ,False
aoYy-yUAAAAJ,False
m6pbDsoAAAAJ,False
HLg45MEAAAAJ,False
sh0k7woAAAAJ,False
yhDMl8AAAAAJ,False
WGnn1TkAAAAJ,False
RKGsk9cAAAAJ,False
7Y8ZMnoAAAAJ,False
_6wKAewAAAAJ,False
l9Or8EMAAAAJ,False
U5pLNcIAAAAJ,False
lgqj9SoAAAAJ,False
ge1lyx0AAAAJ,False
nlNC3hQAAAAJ,False
MnLiNvcAAAAJ,False
NkivhQMAAAAJ,False
G1WMpcUAAAAJ,False
c4yK72IAAAAJ,False
N26qXNIAAAAJ,False
kdKzEIIAAAAJ,False
FTMZX7oAAAAJ,False
LmhqcScAAAAJ,False
93kvGZkAAAAJ,False
TBW4X_0AAAAJ,False
_VbalzIAAAAJ,False
MhE2uTQAAAAJ,False
MlFf2igAAAAJ,False
7Q7uZWMAAAAJ,False
b1YlQLkAAAAJ,False
QB_fwL8AAAAJ,False
Bw33IwgAAAAJ,False
fMSP908AAAAJ,False
pDxx26wAAAAJ,False
0m4ptDgAAAAJ,False
5XebTdkAAAAJ,False
3cz2adUAAAAJ,False
YiPHXssAAAAJ,False
SgxgOfQAAAAJ,False
a2vrNw4AAAAJ,False
tvyidm4AAAAJ,False
AO33ekIAAAAJ,False
fVcFAiIAAAAJ,False
AGD0BOcAAAAJ,False
irB2YvAAAAAJ,False
LbHLMD8AAAAJ,False
mlrs2qUAAAAJ,False
iO2Qc24AAAAJ,False
OkYbTPcAAAAJ,False
iT7_PykAAAAJ,False
4fyZLIoAAAAJ,False
qUid6HgAAAAJ,False
DV3b0VYAAAAJ,False
LBhbk_gAAAAJ,False
XMlSKFcAAAAJ,False
Q4p0TV4AAAAJ,False
zN44IxoAAAAJ,False
2Xh1H24AAAAJ,False
ubDf3B4AAAAJ,False
AO74T6gAAAAJ,False
OKI3VfUAAAAJ,False
HtVth_4AAAAJ,False
T9GPNRQAAAAJ,False
lI1qjkgAAAAJ,False
eMKcEkwAAAAJ,False
qjJg6akAAAAJ,False
aG3PgtIAAAAJ,False
QcQiUtsAAAAJ,False
8pPansoAAAAJ,False
QOynW6gAAAAJ,False
8tE6CgEAAAAJ,False
QYoK7RIAAAAJ,False
CXgQufgAAAAJ,False
nUlanA8AAAAJ,False
iOLC30YAAAAJ,False
K2WfIlsAAAAJ,False
5a8ZQn4AAAAJ,False
xuLKJboAAAAJ,False
wkZLqMMAAAAJ,False
5ZyZ9JwAAAAJ,False
Srs1JcoAAAAJ,False
Hfat62oAAAAJ,False
bJJkVP0AAAAJ,False
BsjdXV0AAAAJ,False
-3SHgwUAAAAJ,False
YHSRCCsAAAAJ,False
mGpnlA8AAAAJ,False
-5klT-kAAAAJ,False
pmCKwgsAAAAJ,False
sIRUolwAAAAJ,False
mbiQ4ukAAAAJ,False
T8GAoYMAAAAJ,False
fy2LuPgAAAAJ,False
51it_LkAAAAJ,False
2b2LXp8AAAAJ,False
EBQH680AAAAJ,False
ZzSzTsIAAAAJ,False
g_-M8x0AAAAJ,False
eEdu4ZwAAAAJ,False
_0_STYoAAAAJ,False
6R_2EvEAAAAJ,False
toY6cVIAAAAJ,False
zIIF4ogAAAAJ,False
b2ZJ5UUAAAAJ,False
8RdtfO0AAAAJ,False
XMyvcjsAAAAJ,False
9OE9xVkAAAAJ,False
RxcxV74AAAAJ,False
QxqTO_QAAAAJ,False
9-cp9uUAAAAJ,False
Ud9zXkoAAAAJ,False
Nm4MrpcAAAAJ,False
4S3KTg4AAAAJ,False
olSjNqcAAAAJ,False
NmSyTn4AAAAJ,False
C-8dB48AAAAJ,False
2bW-lQsAAAAJ,False
6iqNoRUAAAAJ,False
N1Xi0MwAAAAJ,False
akGtZlwAAAAJ,False
7dRxeSMAAAAJ,False
fOWEO7EAAAAJ,False
w5JLEH0AAAAJ,False
1JeIKsgAAAAJ,False
KEl7a7AAAAAJ,False
n7aN790AAAAJ,False
qpG4hUQAAAAJ,False
obLP8aYAAAAJ,False
nv0rIKoAAAAJ,False
XqOnRg0AAAAJ,False
7sKI2tIAAAAJ,False
HmzCy64AAAAJ,False
aKw41vsAAAAJ,False
v3DfWgQAAAAJ,False
RZid9X8AAAAJ,False
3wrVpcYAAAAJ,False
e11Cg-kAAAAJ,False
ph69ZvYAAAAJ,False
yD9naeIAAAAJ,False
ZKkp-ewAAAAJ,False
LDBVu04AAAAJ,False
YPJIv4QAAAAJ,False
rAukAy8AAAAJ,False
OTJoPikAAAAJ,False
Ba87m8EAAAAJ,False
JA4sHP4AAAAJ,False
RnMhSaQAAAAJ,False
uuRzA0MAAAAJ,False
MUiGoMwAAAAJ,False
ZjX0crAAAAAJ,False
B-gTuqEAAAAJ,False
LMhLg20AAAAJ,False
6Sb63foAAAAJ,False
kbU8I1UAAAAJ,False
fGqeI7wAAAAJ,False
UbtDCpcAAAAJ,False
TsdTon8AAAAJ,False
7bkblcwAAAAJ,False
A3KTBikAAAAJ,False
pGvWCH4AAAAJ,False
XGuCxu4AAAAJ,False
vc40rVYAAAAJ,False
2dMbpWkAAAAJ,False
KDaJhw8AAAAJ,False
ejS866sAAAAJ,False
PgyxsbsAAAAJ,False
b6tIduoAAAAJ,False
0l3gMgoAAAAJ,False
NwpBCIIAAAAJ,False
sMplIbQAAAAJ,False
rJliK1UAAAAJ,False
zlQYEFMAAAAJ,False
-zaDQ10AAAAJ,False
7x1e0UYAAAAJ,False
8A1uoAUAAAAJ,False
9Ib8LKUAAAAJ,False
o39VmbAAAAAJ,False
8cbO_FYAAAAJ,False
Eao7yZIAAAAJ,False
t5JoLZ4AAAAJ,False
BmVRqrQAAAAJ,False
sRxiIw0AAAAJ,False
YlPwh40AAAAJ,False
_-PEelMAAAAJ,False
rPsjQbIAAAAJ,False
mnq3780AAAAJ,False
SFu8sdUAAAAJ,False
8hbzZB0AAAAJ,False
IICfONcAAAAJ,False
7SBs6jkAAAAJ,False
uF8tRWQAAAAJ,False
vQrFgocAAAAJ,False
qZWmQGsAAAAJ,False
zxtLSAgAAAAJ,False
QkL7H00AAAAJ,False
yOv2g1MAAAAJ,False
f2VVkl8AAAAJ,False
-1Gpm0QAAAAJ,False
LaOnzPYAAAAJ,False
uAJ515sAAAAJ,False
qsPKyNMAAAAJ,False
JnFggesAAAAJ,False
3G-Oh2YAAAAJ,False
SHKUJLkAAAAJ,False
oyCrJNkAAAAJ,False
JJ7cDOQAAAAJ,False
_VpS8TAAAAAJ,False
Zro71u8AAAAJ,False
CbiLk0YAAAAJ,False
QFFDsScAAAAJ,False
4zyy7esAAAAJ,False
fLaDhwoAAAAJ,False
IcEsJfAAAAAJ,False
-_8QMZIAAAAJ,False
fXRMN8MAAAAJ,False
GcQ6p7gAAAAJ,False
RN8sb0oAAAAJ,False
Ti-2_wUAAAAJ,False
olwQaK8AAAAJ,False
Wd8CL4EAAAAJ,False
k2uOCu0AAAAJ,False
--WN2j4AAAAJ,False
ZsdrE8wAAAAJ,False
_G2nlf8AAAAJ,False
cyCp3pIAAAAJ,False
alGkrRQAAAAJ,False
l2KlptIAAAAJ,False
DZryMhIAAAAJ,False
sPtFRB8AAAAJ,False
3JV6l3oAAAAJ,False
OtbDeeIAAAAJ,False
VPz1QjEAAAAJ,False
TjIVsSAAAAAJ,False
