ID,Nome,Afiliação,Link
1,Marcelo J. Moreira,FGV,BdmHCbcAAAAJ
2,Marc Hallin,Université libre de Bruxelles,5barf50AAAAJ
3,Alexei Onatski,University of Cambridge,QFxVhVEAAAAJ
4,Michael Jansson,"Professor of Economics, UC Berkeley",uVVxqXIAAAAJ
5,David S. Lee,Princeton University,4Z9et2IAAAAJ
6,Justin McCrary,"Paul J. Evanson Professor of Law, Columbia University",aSOW6S4AAAAJ
7,Brian Poi,Poi Consulting,RUwmMb8AAAAJ
8,Marinho Bertanha,"Department of Economics, University of Notre Dame",2yBbnBAAAAAJ
9,Mahrad Sharifvaghefi,"Assistant Professor, University of Pittsburgh",JeIV70QAAAAJ
10,Victoria Zinde-Walsh,McGill University,d6BpAy8AAAAJ
11,Benoit Perron,Universite de Montreal,F5Ozy3UAAAAJ
12,Marine Carrasco,Universite de montreal,jvC6ONYAAAAJ
13,Jushan Bai,Columbia University,YpjnLP4AAAAJ
14,Luiz Renato Lima,"Associate Professor of Economics, The University of Tennessee",jt_wajQAAAAJ
15,Davy Paindaveine,"Professor of Statistics, Université libre de Bruxelles",noskMO0AAAAJ
16,Marco Lippi,Professor Macroeconomics,3wnhA1EAAAAJ
17,Mario FORNI,"Professor of Econometrics, University of Modena and Reggio Emilia",F1av4IIAAAAJ
18,Lucrezia Reichlin,"Professor of economics, London Business School",kAUuzqwAAAAJ
19,Madan Puri,Professor of Mathematics / College Arts & Sciences Distinguished Research Scholar …,JQ3VaCkAAAAJ
20,Thomas Verdebout,"Professor, Université libre de Bruxelles",s2A0MOIAAAAJ
21,Zudi Lu,"University of Southampton, S3RI and School of Mathematical Sciences",sZh8CJQAAAAJ
22,Matteo Barigozzi,Full Professor - Alma Mater Studiorum Università di Bologna,W2YRnsUAAAAJ
23,Dette,Professor für Mathematik,xSShFucAAAAJ
24,Guy Mélard,Université libre de Bruxelles,uXe4enkAAAAJ
25,Paolo Zaffaroni,Professor of Financial Econometrics,zXUdA-IAAAAJ
26,Stanislav Volgushev,University of Toronto,dNhIrRwAAAAJ
27,Eustasio del Barrio,"IMUVA, Universidad de Valladolid",pCggYOEAAAAJ
28,Ivan Mizera,,JskklHQAAAAJ
29,Christophe Ley,Professor of Applied Statistics at University of Luxembourg,fYZTyFEAAAAJ
30,David Veredas,Vlerick Business School,cHyTJG4AAAAJ
31,Ramon van den Akker,Tilburg University,kNk2axEAAAAJ
32,Siegfried Hörmann,"Institut of Statistics, Graz University of Technology",yUstZncAAAAJ
33,HANG LIU,University of Science and Technology of China,jUBi1GkAAAAJ
34,Mathias Drton,"Professor of Mathematical Statistics, Technical University of Munich",CjRMyA4AAAAJ
35,Davide La Vecchia,"University of Geneva, Geneva School of Economics and Management, Research Centre for …",8WJYLh0AAAAJ
36,Abdelhadi Akharif,"Professeur de Statistique, Faculté des Sciences et Techniques de Tanger",UBkmYe4AAAAJ
37,Carlos Trucíos Maza,University of Campinas,HEdXeQkAAAAJ
38,Keming Yu (Professor),Brunel University London,1ELUyUEAAAAJ
39,Fang Han,"Associate Professor of Statistics, University of Washington",aCsO6RMAAAAJ
40,Hongjian Shi,"Department of Mathematics, Technical University of Munich",cS59-XIAAAAJ
41,Carlos Matran,Universidad de Valladolid,dteLMj8AAAAJ
42,Juan Cuesta-Albertos,Universidad de Cantabria,3sS2B-kAAAAJ
43,Łukasz Kidziński,Stanford University,7rvNQJoAAAAJ
44,Yvik Swan,Université libre de Bruxelles,gufUoeMAAAAJ
45,Alberto González-Sanz,École Doctorale Mathématiques Informatique Télécommunications de Toulouse,8r-z0wIAAAAJ
46,Gilles Mordant,Universität Göttingen,XF6CY14AAAAJ
47,Christian Genest,"McGill University (Montréal, Canada)",kdlB8AoAAAAJ
48,Giovanni Veronese,Bank of Italy,KaPH3E4AAAAJ
49,Riccardo Cristadoro,Bank of Italy,T332QRgAAAAJ
50,Filippo Altissimo,Evince Asset Management LP,kOucsncAAAAJ
51,Victor Chernozhukov,"Professor, Department of Economics + Center for Statistics and Data Science, MIT",6VW1kJgAAAAJ
52,Alfred Galichon,New York University,wO-YMEEAAAAJ
53,Marc Henry,"Liberal Arts Professor of Economics, The Pennsylvania State University",NzEcUIAAAAAJ
54,Rainer von Sachs,"Université catholique de Louvain, Belgium",c2YsAWcAAAAJ
55,Jan Picek,Technická univerzita v Liberci,C1vW0OIAAAAJ
56,Luiz K. Hotta,"Department of Statistics, University of Campinas",itj-WrUAAAAJ
57,Pedro L. Valls Pereira,Full Professor at São Paulo School of Economcis and Director of CEQEF at Fundação …,qKlV4e0AAAAJ
58,Stefano Soccorsi,Lancaster University,yoYhFRcBy3QC
59,Stefan Birr,Zalando SE,Jg0xyqMAAAAJ
60,Hugues E. Pirotte Speder,"Professor of Finance, Research Center E. Bernheim, Solvay BS, Université Libre de …",oIAOI2AAAAAJ
61,Daniel Hlubinka,Univerzita Karlova v Praze,qBwMcNIAAAAJ
62,Shahin Tavakoli,University of Geneva,yeClg0QAAAAJ
63,Jureckova J*,"professor of mathematical statistics, Charles University",9xfo_q0AAAAJ
64,Mohamed Fihri,Faculté des Sciences de Rabat,9zJazBUAAAAJ
65,Ian McKeague,"Professor of Biostatistics, Columbia University",Z1YxOtUAAAAJ
66,Sara Lopez-Pintado,Northeastern University,4ZkJQVEAAAAJ
67,Mauricio Zevallos,"Department of Statistics, University of Campinas (UNICAMP)",G4Kw3oEAAAAJ
68,Farhat Abdeljelil,"Professeur de statistique et d'économétrie, Université de Monastir",006pbDoAAAAJ
69,Sven Buitendag,"PhD, KU Leuven",fYkrlAUAAAAJ
70,Francois Kamper,Senior Data Scientist Swiss Data Science Center EPFL,2HUzHkwAAAAJ
71,Slađana Babić,PhD Student at Ghent University,iJgoqmQAAAAJ
72,Mawhin,"professeur émérite, Université Catholique de Louvain",QccNyFUAAAAJ
73,Matteo Luciani,Amazon.com,ZSP-R5oAAAAJ
74,Christine Thomas-Agnan,"Mathematics professor, Université Toulouse 1 Capitole",i_B3PDMAAAAJ
75,Catherine Dehon,"Professor, ECARES, Université libre de Bruxelles",Cgoc25cAAAAJ
76,Yuichi Goto,Kyushu University,ThuOJWUAAAAJ
77,Bodhisattva Sen,"Columbia University, New York",pDTgrhgAAAAJ
78,Bo Zhou,Virginia Tech,_G_tj6MAAAAJ
79,Tobias Kley,Georg-August-Universität Göttingen,0j82H0sAAAAJ
79,Tobias Kley,Georg-August-Universität Göttingen,0j82H0sAAAAJ
79,Tobias Kley,Georg-August-Universität Göttingen,0j82H0sAAAAJ
82,Luiz Brotherhood,Universitat de Barcelona,sP7PQ5kAAAAJ
83,Cezar Santos,Inter-American Development Bank,WLmadTQAAAAJ
84,Michele Tertilt,"Professor of Economics, University of Mannheim",_3a0Bi0AAAAJ
85,Philipp Kircher,"Cornell University, Universite catholique de Louvain, University of Edinburgh",n93QXi0AAAAJ
86,Tiago Cavalcanti,"University of Cambridge and Sao Paulo School of Economics, FGV-SP",yQHQCC0AAAAJ
87,Daniel Da Mata,Associate Professor - Sao Paulo School of Economics (FGV),gVTC98QAAAAJ
88,pedro cavalcanti ferreira,Graduate School of Economics - Getulio Vargas Foundation,ZfDbh7oAAAAJ
89,Vahagn Jerbashian,"Associate Professor, University of Barcelona",8TSQo4UAAAAJ
90,Victor Rangel dos Santos Rodrigues,Economista,U4JuEFwAAAAJ
91,Fernando Barros Jr,"Assistant professor, FEARP/USP",o6FHHYkAAAAJ
92,João Ramos,"Assistant Professor of Finance and Business Economics, University of Southern California Marshall",CMTZeSoAAAAJ
93,Bernard Herskovic,UCLA Anderson School of Management,np24L3MAAAAJ
94,João Victor Issler,"Professor of Economics, Brazilian School of Economics and Finance - FGV EPGE, Getulio Vargas",nar00gIAAAAJ
95,Matias D. Cattaneo,Princeton University,TNdmZVEAAAAJ
96,Xinwei Ma,"Assistant Professor of Economics, University of California San Diego",rrIp8rMAAAAJ
97,Richard K. Crump,Federal Reserve Bank of New York,jKZfE1koVBsC
98,Whitney Newey,"Professor of Economics, MIT",ZIw-AGsAAAAJ
99,Graham Elliott,"University of California, San Diego",t20dQloAAAAJ
100,Christian B Hansen,"Professor of Econometrics and Statistics, University of Chicago, Booth School of Business",nom_JY8AAAAJ
101,Morten Ørregaard Nielsen,"DNRF Chair and Professor of Economics, Aarhus University",0AY3Qt0AAAAJ
102,Elena Pesavento,Emory University,fOeHVMUAAAAJ
103,Kenichi Nagasawa,University of Warwick,eNa4vzgAAAAJ
104,H. Peter Boswijk,"Professor of Financial Econometrics, University of Amsterdam",kiSSJhwAAAAJ
105,Rajita Chandak,Princeton University,q3fB9gYAAAAJ
106,Joel Slemrod,"Professor of Economics, University of Michigan",9RjwMEAAAAAJ
107,Ricardo Masini,"University of California, Davis",ZgdNMrgAAAAJ
108,Max H. Farrell,"University of California, Santa Barbara",VyPhl7oAAAAJ
109,Niels Haldrup,"CREATES, Aarhus University",9WMU4HskwasC
110,Aaron Chalfin,University of Pennsylvania,wJJLcZoAAAAJ
111,Matias Busso,Inter-American Development Bank,CNWJsjYAAAAJ
112,Heather Royer,"Professor of Economics, University of California-Santa Barbara",XU1xaUIAAAAJ
113,Robert Bartlett,"Professor of Law, UC Berkeley",resLKiwAAAAJ
114,Sarath Sanga,Yale University,EEaWWMMAAAAJ
115,Murray Leibbrandt,"Director of ACEIR in SALDRU, School of Economics, University of Cape Town.",4_jykaYAAAAJ
116,Julian di Giovanni,Federal Reserve Bank of New York,paYBFFcAAAAJ
117,Till von Wachter,University of California Los Angeles,2mLqyf4AAAAJ
118,Jeff Selbin,"Clinical Professor of Law, UC Berkeley School of Law",qVIulzoAAAAJ
119,Kristelia Garcia,"Associate Professor, University of Colorado Law School",SNafy7MAAAAJ
120,Maureen OHara,"Professor of Finance, Cornell University",2TKG5hAAAAAJ
121,Joy Milligan,"Professor of Law, University of Virginia School of Law",gqkpNpQAAAAJ
122,Jens Ludwig,University of Chicago,8IWkmnEAAAAJ
123,Philip Cook,"Professor of Public Policy and Economics, Duke University",kZ-mZeEAAAAJ
124,Daniel Rubinfeld,"Professor of Law and Professor of Economics Emeritus, UC Berkeley",bO8QBlwAAAAJ
125,Daniele Fanelli,London School of Economics and Political Science,4AyPaUwAAAAJ
126,Garret Christensen,Berkeley Institute for Data Science (UC Berkeley),uGo8v7kAAAAJ
127,James Hicks,"Academic Fellow, Columbia Law School",fyaxzaIAAAAJ
128,guido imbens,Stanford University,dYwbc9sAAAAJ
129,Eduardo Amaral Haddad,"Department of Economics, University of Sao Paulo",ZQjtYfAAAAAJ
130,Petra Moser,"Professor of Economics, NYU Stern",bGGzp3UAAAAJ
131,Yingying Fan,Centennial Chair in Business Administration,7fO-QIQAAAAJ
132,Jinchi Lv,Kenneth King Stonier Chair in Business Administration,4p93CdAAAAAJ
133,Alexander Chudik,Federal Reserve Bank of Dallas,s9CJ03QAAAAJ
134,"M. Hashem Pesaran, M H Pesaran, M...","John Elliot Distinguished Chair in Economics at USC, Director, Centre for Applied Financial",4wHTKPUAAAAJ
135,Mahyar Sharif Vaghefi,Assistant Professor at The University of Texas at Arlington,4wZDoW0AAAAJ
136,Hyungsik Roger Moon,USC,cjIghi8AAAAJ
137,Silvia Goncalves,"Professor, McGill University",At5vIhgAAAAJ
138,Michael Mccracken,Federal Reserve Bank of St. Louis,Dz0fGc4AAAAJ
139,Jean-Pierre Florens,"Toulouse School of Economics,University Toulouse Capitole",Ed5GtKIAAAAJ
140,Rachidi Kotchoni,Université Paris Nanterre,64lfRagAAAAJ
141,Mikhail Chernov,"University of California, Los Angeles",4G4cjz8AAAAJ
142,Eric Ghysels,"Bernstein Distinguished Professor of Economics and Professor of Finance, UNC Chapel Hill",se30-eEAAAAJ
143,Guy Tchuente,Purdue University,qygHiZsAAAAJ
144,werner ploberger,Thomas H. Eliot Distinguished Professor in Arts & Sciences,PI2ll0AAAAAJ
145,Lars Peter Hansen,"Professor of Economics and Statistics, University of Chicago",XvQv0WkAAAAJ
146,Barbara Rossi,"ICREA-Univ. Pompeu Fabra, Barcelona GSE and CREI",5HuT8j8AAAAJ
147,Dante Amengual,CEMFI,n1MxqqoAAAAJ
148,Xiaohong Chen,"Professor of Economics, Yale University",w_wRq7cAAAAJ
149,Roberto Ellery Jr,"Professor, Economics, Universidade de Brasília",8HAZl0wAAAAJ
150,Marcelo Rodrigues dos Santos,Insper,M9iI0GEAAAAJ
151,Alberto Trejos,INCAE Business School,k1e2tSUAAAAJ
152,Naercio Menezes Filho,Insper Instituto de Ensino e Pesquisa,ehYoE6UAAAAJ
153,Mauricio Canêdo Pinheiro,"FCE/UERJ, EPGE/FGV",EEPkRWIAAAAJ
154,Alexander Monge-Naranjo,"Research Officer, Federal Reserve Bank of St. Louis",Wfif0QQAAAAJ
155,Diego B. P. Gomes,International Monetary Fund,rdZgUZwAAAAJ
156,Victor Gomes,Universidade de Brasilia,0E1TYiwAAAAJ
157,Giovanni Facchini,University of Nottingham,ZbAZNYQAAAAJ
158,Antonio F. Galvao,Michigan State University,ATc2baYAAAAJ
159,Giovanni Dosi,"Scuola Superiore S.Anna, Pisa, Italy",jODHZ90AAAAJ
160,Luca Sala,"Associate Professor, Università Bocconi",F6ru8u0AAAAJ
161,Massimo Riccaboni,IMT Lucca,A-W2CxcAAAAJ
162,Giulio Bottazzi,Scuola Superiore Sant'Anna,WJaCqaQAAAAJ
163,Domenico Giannone,"Senior Principal Economist, Amazon.com",Ek6m-HIAAAAJ
164,Neri Salvadori,"Professore di Economia Politica, Università di Pisa",McUWTiwAAAAJ
165,Umberto Triacca,"Full Professor of Econometrics, University of L'Aquila",xRCWwYsAAAAJ
166,Fabrizio Coricelli,Paris School of Economics,PLD_vUoAAAAJ
167,XIAOHANG REN(任晓航),"Associate Professor, Central South University",xTq48fYAAAAJ
168,Oliver Linton,UNIVERSITY OF CAMBRIDGE,aM9PeZ8AAAAJ
169,"Jiti Gao (高集体), FASSA, Donald Cochrane Chair of BusEco, Professor of Econometrics and Statistics","Department of Econometrics and Business Statistics, Monash University",BVke6rMAAAAJ
170,Cheng-Chew Lim,"Professor, The University of Adelaide",o16d9CgAAAAJ
171,Richard Gerlach,The University of Sydney,f7bgy-EAAAAJ
172,Julian Stander,"Reader in Mathematics and Statistics, Plymouth University",otgQVT0AAAAJ
173,Qiwei Yao,London School of Economics,6otVU08AAAAJ
174,Maxwell King,Monash University,Uyh_-SwAAAAJ
175,Jia Chen,University of York,NuGhfS0AAAAJ
176,Masnita Misiran,"Associate Professor, Universiti Utara Malaysia",MvwobXgAAAAJ
177,Kok Lay Teo,"Professor, Sunway University; John Curtin Distinguished Emeritus Professor, Curtin …",HjiEvgwAAAAJ
178,Soofi Abdol,"Emeritus Professor of Economics, University of Wisconsin-Platteville",1ipdzgEAAAAJ
179,Yukun Shi,University of Glasgow,F7_3P8gAAAAJ
180,Qian Chan,"Assistant Professor of Econometrics, Peking University HSBC Business School",YO0X1AsAAAAJ
181,Dashan Huang,Singapore Management University,MTws4GEAAAAJ
182,Fenghua Wen,Central South University,lxUUhFsAAAAJ
183,Kangyin Dong (董康银),"Associate Professor, University of International Business and Economics",Ut15iYkAAAAJ
184,"Arvid Lundervold, BSc, MD, PhD","Professor of Medical Information Technology and Physiology, University of Bergen",HqmyBUUAAAAJ
185,xinyu zhang,"Academy of Mathematics and Systems Science, Chinese Academy of Sciences",pkWCNMwAAAAJ
186,Yuanyao Ding,Ningbo University,AmtxNVYAAAAJ
187,Dr Yu (Jack) Gong,Associate Professor in Operations Management,HztdBcgAAAAJ
188,Chao Fang,PhD Student at MSU,wtWWb9QAAAAJ
189,Hua Liang,"George Washington University, University of Rochester, Texas A&M, Stjude Children's …",V0Ia4yoAAAAJ
190,Chengan Du,"RWE, Boehringer Ingelheim",tyYTIOsAAAAJ
191,ASSEN JABLENSKY,"Professor of Psychiatry, University of Western Australia",y_wk8IcAAAAJ
192,Irène Gijbels,"Professor of Statistics, KU Leuven",DIK3tpwAAAAJ
193,Cheng Yan,"Associate Professor, University of Essex",zqZfDZ8AAAAJ
194,Marinah Muhammad,Senior Lecturer,098O_ecAAAAJ
195,Dawlah Alsulami,Assistant Professor,4qgDexIAAAAJ
196,Sergio Focardi,Founder Economics and Complexity,Eh8n6TsAAAAJ
197,Giorgio Fagiolo,"Full Professor of Economics, Sant'Anna School of Advanced Studies",B7N-yQIAAAAJ
198,Christian Brownlees,"Associate Professor, Universitat Pompeu Fabra",L3x4IcgAAAAJ
199,Antonio M. Conti,Banca d'Italia,YByxmCUAAAAJ
200,Haeran Cho,University of Bristol,qgeXS6IAAAAJ
201,Lorenzo Trapani,University of Leicester,ZUvDs_0AAAAJ
202,Diego Garlaschelli,"Associate Professor, IMT Advanced School Lucca (IT) and Leiden Institute of Physics (NL)",G-WPCrMAAAAJ
203,Piotr Fryzlewicz,"Professor of Statistics, London School of Economics",i846MWEAAAAJ
204,Giampiero M. Gallo,"Consigliere Corte dei Conti, Roma, Italy",v9RlNNsAAAAJ
205,Alessio Moneta,"Associate Professor, Institute of Economics, Scuola Superiore Sant'Anna, Pisa",ORWa37UAAAAJ
206,Giuseppe Cavaliere,University of Bologna and University of Exeter,7ZEYAacAAAAJ
207,Rossana Mastrandrea,"Assistant Professor at IMT School of Advanced Studies, Lucca, Italy",Wh8odLEAAAAJ
208,Gabor Lugosi,ICREA and Universitat Pompeu Fabra,WgPhMfwAAAAJ
209,Matteo Farnè,"Università di Bologna, Assistant Professor in Statistics",FoXygPUAAAAJ
210,Marco Grazzi,Universita' Cattolica Milano,dxnFKaAAAAAJ
211,Daniele Moschella,Institute of Economics - Scuola Superiore Sant'Anna,ynFqo_YAAAAJ
212,Frank Bretz,Novartis,dDGzYjUAAAAJ
213,Axel Munk,"Felix Bernstein Professor for Mathematical Statistics, Universität Göttingen  and Max Planck Fellow",WjrAnsQAAAAJ
214,Frank Miller,Professor in Statistics at Linköping and Stockholm University,q4Ae43AAAAAJ
215,Jim Pitman,"Professor of Statistics and Mathematics, University of California, Berkeley",cH0pbIwAAAAJ
216,Xiaofeng Shao,"Department of Statistics, University of Illinois, at Urbana-Champaign",Z_ZD6A4AAAAJ
217,Maxim Volgushev,"University of Connecticut, Storrs USA",4_LjFZQAAAAJ
218,Johan Segers,"ISBA, LIDAM, Université catholique de Louvain",fA6rT1sAAAAJ
219,Roger Koenker,"Honorary Professor Economics, UCL",9aKkSh8AAAAJ
220,Jean-Michel Loubes,Institut de Mathématiques de Toulouse & ANITI,FOjlzgoAAAAJ
221,Pedro C. Alvarez Esteban,Universidad de Valladolid,WZ0Ze_oAAAAJ
222,Evarist Gine,"Professor of Mathematics, University of Connecticut",dlz5HeMAAAAJ
223,Paula Gordaliza,Institut de Mathématiques de Toulouse and IMUVa,tUkAkSIAAAAJ
224,Hristo Inouzhe,Basque Center for Applied Mathematics (BCAM),V04KRisAAAAJ
225,Sara van de Geer,"Professor Mathematics, ETH Zurich",KNiO4pwAAAAJ
226,Agustin Mayo-Iscar,Universidad de Valladolid,4ZunvD8AAAAJ
227,Ricardo Fraiman,"Profesor, Centro de Matemática, Universidad de la República, Uruguay",eiKATTYAAAAJ
228,Fabrice Gamboa,IMT,wK29Q6IAAAAJ
229,Laurent Risser,CNRS - Toulouse Mathematics Institute  - Artificial and Natural Intelligence Toulouse Institute,Wy672r4AAAAJ
230,Markus Pauly,"Department of Statistics, TU Dortmund University",92_6IQEAAAAJ
231,Christophe Leys,Professeur analyse des données université libre de bruxelles,MXVfUjgAAAAJ
232,Yves Dominicy,"Banque et Caisse d'Epargne de l'Etat, Luxembourg",S50hcbsAAAAJ
233,Olivier Klein,Université Libre de Bruxelles,853EBVEAAAAJ
234,Hans Van Eetvelde,,HgUHJAgAAAAJ
235,Laurent Licata,Université libre de Bruxelles (ULB),E6U0lkkAAAAJ
236,Fatemeh Ghaderinezhad,Ph.D. in Statistics,UaaL0PsAAAAJ
237,Andreas Groll,"Professor der Statistik, Technische Universität Dortmund",jm9wEPEAAAAJ
238,Gesine Reinert,"Professor of Statistics, University of Oxford ",2gvyN5oAAAAJ
239,Thomas Tischer,Universitymedicine Rostock,_eG-Kw4AAAAJ
240,Daniel Lakens,"Associate Professor, Eindhoven University of Technology. https://mastodon.social/@lakens",ZbqYyrsAAAAJ
241,Marie Delacre,Université Libre de Bruxelles,aomMorIAAAAJ
242,Gunther Schauberger,Technical University of Munich,SzEbflMAAAAJ
243,Alexander Skupin,"Luxembourg Centre for Systems Biomedicine, University Luxembourg",QveXixwAAAAJ
244,Daniele Proverbio,"Postdoc, University of Trento",KHUp5aUAAAAJ
245,Luciana De Michelis Mendonça,UFVJM,uiY8ZUQAAAAJ
246,Jose Ameijeiras-Alonso,Universidade de Santiago de Compostela,aOiIy_cAAAAJ
247,Andreas Anastasiou,"Lecturer of Statistics, University of Cyprus",s-X_UIQAAAAJ
248,Jorge Goncalves,University of Luxembourg,dPnQIkEAAAAJ
249,Françoise Kemp,Post-doctoral researcher,eUqxUSgAAAAJ
250,Toshihiro Abe (阿部 俊弘),"Professor of Statistics, Department of Economics, Hosei University",VH9BQmsAAAAJ
251,Arnab Sarkar,"Associate Professor of Mechanical Engineering, Indian Institute of Technology (BHU) …",5VZCiMUAAAAJ
252,Chris. J. Oates,Newcastle University,W_Ul5jMAAAAJ
253,Arthur Gretton,Gatsby Computational Neuroscience Unit and Deepmind,OUv7J6QAAAAJ
254,Lester Mackey,Microsoft Research,erv7TP0AAAAJ
255,STÉPHANE Pierre Alain BORDAS,"Prof. of Computational Mechanics,  U. of Luxembourg",QKZBZ48AAAAJ
256,Mitia Duerinckx,Université Libre de Bruxelles,wHOelLAAAAAJ
257,François-Xavier Briol,"Lecturer in Statistical Science, UCL",yLBYtAwAAAAJ
258,Robert E. Gaunt,"Department of Mathematics, The University of Manchester",LXz7zFAAAAAJ
259,Qiang Liu,"Assistant Professor of Computer Science, UT Austin",XEx1fZkAAAAJ
260,Bruno Ebner,Karlsruhe Institut für Technologie (KIT),sgDzD8gAAAAJ
261,Arthur Pewsey,"Professor of Statistics, University of Extremadura",cdYu2HsAAAAJ
262,Rainer Dyckerhoff,,d6R8eC8AAAAJ
263,F. Javier Rubio,University College London - Department of Statistical Science,WIpgkIEAAAAJ
264,Achim Zeileis,"Universität Innsbruck, Faculty of Economics and Statistics",NRNk844AAAAJ
265,Lars Magnus Hvattum,"Professor of Quantitative Logistics, Molde University College",RYEAH_gAAAAJ
266,erik witvrouw,,5XIbF2wAAAAJ
267,Evi Wezenbeek,Postdoctoral researcher Rehabilitation Sciences,hQ6iLrMAAAAJ
268,Kanti Mardia,"SENIOR RESARCH PROFESSOR ,UNIVERSITY OF LEEDS  AND UNIVERSITY OF …",b-jgZIAAAAAJ
269,Alexander V Panfilov,"Department of Physics and Astronomy, Gent University",lnUL8x0AAAAJ
270,Ulf Brefeld,Leuphana Universität Lüneburg,oWmjswoAAAAJ
271,Luc Bauwens,"Professor of Economics, Université catholique de Louvain",fEfNSk4AAAAJ
272,Mardi Dungey,"Professor Economics and Finance, University of Tasmania",912JwcwAAAAJ
273,Juan Manuel Rodriguez-Poo,Professor of Econometrics (UNICAN),j7TQJtYAAAAJ
274,Laura Coroneo,University of York,42PLvfwAAAAJ
275,Nikolaus Hautsch,"Professor of Finance and Statistics, University of Vienna, Austria",kZyUw8MAAAAJ
276,Marco Jacopo Lombardi,Bank for International Settlements,svWWVbwAAAAJ
277,Prof. Dr. Ingmar Nolte,"Professor of Finance and Econometrics, Lancaster University Management School, Lancaster University",HPve0JoAAAAJ
278,Carlos da Costa,FGV EPGE,8inkuBoAAAAJ
279,Rina Foygel Barber,University of Chicago,k5HsbdcAAAAJ
280,Seth Sullivant,"Distinguished Professor of Mathematics, North Carolina State University",mJqmEjQAAAAJ
281,Thomas S. Richardson,University of Washington,y7c-tjoAAAAJ
282,Ali Shojaie,"Professor, University of Washington",btS-l8cAAAAJ
283,Luca Weihs,"Research Scientist, Allen Institute for Artificial Intelligence",F_RBceUAAAAJ
284,Bernd Sturmfels,"Director of the Max Planck Institute for Mathematics in the Sciences in Leipzig, Germany",5zTUNsQAAAAJ
285,Shiqing Yu,"Facebook, Inc. ; University of Washington",L288Vq4AAAAJ
286,Y. Samuel Wang,Cornell University,ih_LeQYAAAAJ
287,Marloes Maathuis,ETH Zurich,GoarRRwAAAAJ
288,Carlos Améndola,"Assistant Professor, TU Berlin",vautoG0AAAAJ
289,Dennis Leung,University of Melbourne,w8wgfCMAAAAJ
290,Wenyu Chen,META,zz5bhxQAAAAJ
291,Michael Eichler,"Associate Professor for Econometrics, Maastricht University",2vSTxYMAAAAJ
292,Steffen Lauritzen,"Emeritus Professor of Statistics, University of Copenhagen, COSTNET CA15109",LZacO0sAAAAJ
293,Giovanni Maria Marchetti,Professor of Statistics,G1umN28AAAAJ
294,Naftali Harris,Stanford University,aKJy4rIAAAAJ
295,Elina Robeva,"Assistant Professor, The University of British Columbia",wKfngPYAAAAJ
296,Martyn Plummer,University of Warwick,PuDvqn4AAAAJ
297,Daniel E Promislow,University of Washington,wdDq5nkAAAAJ
298,Han Xiao,"Department of Statistics, Rutgers University",WAJXHzgAAAAJ
299,Kelly Jin,Scientist,k42Xve8AAAAJ
300,Niko Beerenwinkel,"Professor of Computational Biology, ETH Zurich",LfMj4s0AAAAJ
301,Helene Massam,"Professor of Mathematics and Statistics, York University",ekb1UQEAAAAJ
302,David Strieder,Technical University of Munich,gl79KfkAAAAJ
303,Jan Draisma,"Professor of Mathematics, University of Bern",rwC5IUIAAAAJ
304,Kean Ming Tan,"Department of Statistics, University of Michigan",O5DGpWsAAAAJ
305,Nicolai Meinshausen,"Professor of Statistics, ETH Zurich",sdw9roIAAAAJ
306,Hisayuki Hara,Kyoto University,iIJy0nsAAAAJ
307,Andrew McDavid,"Research Scientist, Ozette Technologies",0N2lgg0AAAAJ
308,Raphael Gottardo,Lausanne University Hospital and University of Lausanne,h9E70BEAAAAJ
309,Noah Simon,"Department of Biostatistics, University of Washington",tv5yNIMAAAAJ
310,Caren Marzban,,X5Z5aYkAAAAJ
311,Peter Guttorp,"Professor Emeritus of Statistics, University of Washington",jVlZ6OwAAAAJ
312,Elizabeth Gross,University of Hawaii at Manoa,y0YUl60AAAAJ
313,Sonja Petrović,Illinois Institute of Technology,itYIYM8AAAAJ
314,Kayleigh Keller,Colorado State University,lfNFwgcAAAAJ
315,Piotr Zwiernik,University of Toronto,OwnRAwQAAAAJ
316,Shaowei Lin,"Assistant Professor, Singapore University of Technology and Design",jCYmZFEAAAAJ
317,Preetam Nandy,Google,TFDsJ1cAAAAJ
318,Marta Casanellas,Universitat Politècnica de Catalunya,rWCgvdgAAAAJ
319,Josephine Yu,Georgia Tech,BvWkS0AAAAAJ
320,Caroline Klivans,Brown University & ICERM,24OOpyEAAAAJ
321,Federica Onori,Università La Sapienza,aB37XdAAAAAJ
322,Ben Williams,"Associate Professor of Economics, George Washington University",spOVkQcAAAAJ
323,Nils Sturma,"PhD Student Mathematical Statistics, Technical University of Munich",pLhbSv4AAAAJ
324,Shota Katayama,Keio University,ceRf0h8AAAAJ
325,Daniele Tramontano,"PhD student, Technical University of Munich",EBYtaJgAAAAJ
326,Anthea Monod,"Assistant Professor, Department of Mathematics, Imperial College London",zGE6MDYAAAAJ
327,Mladen Kolar,"The University of Chicago, Booth School of  Business",9LcxwsMAAAAJ
328,Nicholas Eriksson,23andMe,5kf1vNwAAAAJ
329,Ying Liu,NYSPI and Columbia University,08LYEGoAAAAJ
330,Tobias Freidling,"PhD student in Mathematics of Information, University of Cambridge",ek2xg6wAAAAJ
331,Alexandros Grosdos,TU Munich,0kEpxMwAAAAJ
332,Thijs van Ommen,Assistant Professor at Utrecht University,4Zo8LKIAAAAJ
333,Niels Richard Hansen,"Professor of computational statistics, University of Copenhagen",EzvbucYAAAAJ
334,Grigor Keropyan,Technical University of Munich,tJfDOzYAAAAJ
335,Chandler Squires,"PhD Student, MIT",Nh3BtpUAAAAJ
336,Nicola Fusari,Professor of Finance,p-czaQMAAAAJ
337,Fulvio Corsi,University of Pisa,0S6oWnAAAAAJ
338,Elvezio Ronchetti,"Research Center for Statistics and Geneva School of Economics and Management, University of Geneva",pWltGkQAAAAJ
339,Fabio Trojani,"Professor of Finance (University of Geneva), AXA Chair (University of Turin), Senior Chair (SFI)",EqCcovwAAAAJ
340,Bonsoo Koo,Monash University,OmK08lAAAAAJ
341,Olivier Scaillet,"Professor of Finance and Statistics, University of Geneva (GSEM) and Swiss Finance Institute",pnKot3MAAAAJ
342,Riccardo Rastelli,"Assistant Professor, University College Dublin",dIMJYKwAAAAJ
343,ESTHER RUIZ ORTEGA,Universidad Carlos III de Madrid,sDYv4aIAAAAJ
344,João Henrique Gonçalves Mazzeu,Universidad Carlos III de Madrid,Q0wr0HUAAAAJ
345,Aviral Kumar Tiwari,"Indian Institute of Management Bodh Gaya, Bodh Gaya, Bihar, India",fyTL_SsAAAAJ
346,Faisal Alqahtani,"Assistant Professor of Finance, Policy Senior Executive Director",TcbggGYAAAAJ
347,James W Taylor,"Professor of Decision Science, Said Business School, University of Oxford",c4cKEuQAAAAJ
348,André A. P. Santos,CUNEF,S80aHqcAAAAJ
349,Rahim Alhamzawi,"Professor of Statistics, University of Al-Qadisiyah",BB25QXUAAAAJ
350,David Hand,Imperial College London,yQm49s8AAAAJ
351,Jin Zhang,Yunnan University,1bGVQjgAAAAJ
352,Veronica Vinciotti,"Associate Professor, University of Trento, COSTNET CA15109",KX-0T3oAAAAJ
353,Dries F. Benoit,"Associate professor of Data Analytics, Ghent University",4pIOO90AAAAJ
354,XI LIU,The University of Manchester,g9bVJSMAAAAJ
355,Rana Moyeed,"Associate Professor, Plymouth University",P-73_XkAAAAJ
356,Jerome Saracco,"ENSC, INP- Bordeaux, France",LBEEyeUAAAAJ
357,Ali alkenani,"Professor of Statistics, University of Al-Qadisiyah",Hxfe1ggAAAAJ
358,Katerina Aristodemou,Brunel University,PJclN20AAAAJ
359,Yan Yu,"Joseph S. Stern Professor of Business Analytics, University of Cincinnati",BGEELyQAAAAJ
360,Philippe Van Kerm,Luxembourg Institute of Socio-Economic Research (LISER) and University of Luxembourg,NQgtlJ8AAAAJ
361,Hadeel S. Klakattawi,"Assistant Professor of Statistics, King Abdulaziz University",TX23ENsAAAAJ
362,Frauke Becker,Principal HEOR @PutnamPHMR,UA5E4HgAAAAJ
363,Maozai Tian,"Professor of Statistics, Renmin University of China",cS-iT80AAAAJ
364,Janet L Peacock,"Professor, Geisel School of Medicine at Dartmouth College, NH, US. Emeritus Professor …",1qPQXnIAAAAJ
365,Louise Marston,,1Ik4HfIAAAAJ
366,Cathy WS Chen,"Distinguished Professor, Feng Chia University, Taiwan",dQQP1SAAAAAJ
367,David Dunson,Arts & Sciences Professor of Statistical Science & Mathematics,KwEOawwAAAAJ
368,Yuanhua Feng (冯元化),"University of Paderborn, Germany (德国帕德博恩大学)",LE2iaycAAAAJ
369,Fatma Gül Akgül,Karadeniz Teknik Üniversitesi,TvxPeOoAAAAJ
370,Frank Coolen,"Professor of Statistics, Durham University",axQ3nTgAAAAJ
371,Joanne Lord,University of Southampton,XOlFYg4AAAAJ
372,Francisco Anes-Arteche,"PhD Student, Brunel University London",Ohn2o_wAAAAJ
373,Min Li,"California State University, Sacramento",sOMdjYgAAAAJ
374,Jorge Mateu,Universitat Jaume I,Teoz1w0AAAAJ
375,HUSSEIN HASHEM,"Department of  Mathematics, College of Science,University of Duhok , Kurdistan Region …",f0YR-Z4AAAAJ
376,Jianxin Pan,"Professor of Statistics, School of Mathematics, The University of Manchester",Q_5CWxwAAAAJ
377,Allan Tucker,"Senior Lecturer, Brunel University",F55XS58AAAAJ
378,Paul Garthwaite,Open University,5G_XTBcAAAAJ
379,Paul Hewson,Insights for Action,PthQLNEAAAAJ
380,Alina Peluso,Oak Ridge National Laboratory,DywArCEAAAAJ
381,Wei Biao Wu,University of Chicago,RrILMIoAAAAJ
382,Valentin Patilea,"Professeur of Statistics, CREST& Ensai",L2uk6aMAAAAJ
383,Antoaneta Serguieva,University College London,hgThGaQAAAAJ
384,Zhao Chen,"Ophthalmologist, Henan Provincial People's Hospital",tnCkYWoAAAAJ
385,Bin Wang,Brunel university,nD6a5hcAAAAJ
386,Fatma Zehra DOĞRU,Giresun University,91vp778AAAAJ
387,Ujjwal Bharadwaj,"Team Leader, Asset Life Mangement",VPBie-4AAAAJ
388,Nenad Mladenovic,"Professor, Khalifa University, UAE",VWbSeyIAAAAJ
389,Xiaohui Liu,"Professor of Computing, Brunel University",G9UHfbwAAAAJ
390,Man Lai TANG,"Principal Lecturer, University of Hertfordshire",M8nAta0AAAAJ
391,Diana Roman,lecturer in Operations Research and Financial Engineering,GabESe0AAAAJ
392,Tat Hean Gan,Brunel University London,B3hAvfEAAAAJ
393,Silvia Liverani,"Reader in Statistics, Queen Mary University of London",s1nI0kcAAAAJ
394,Milan Drazic,"Faculty of Mathematics, Belgrade",6v-ADoQAAAAJ
395,Kimberley J Smith,"Senior Lecturer, University of Surrey",flLXMpMAAAAJ
396,Pin Ng,"Professor of Economics, Northern Arizona University",LBJMFbIAAAAJ
397,Peter AC 't Hoen,"Professor Bioinformatics, Centre for Molecular and Biomolecular Informatics, Radboudumc …",bkYAeZcAAAAJ
398,Weiming Xu,"Senior Research Associate, University of Sheffield",rDYuvdIAAAAJ
399,Alfonso Gordaliza,"Professor of Statistics, Universidad de Vallaodlid",Apv4fZQAAAAJ
400,Manuel Febrero Bande,"Full Professor of Statistics, University of Santiago de Compostela",f9Cg66kAAAAJ
401,Antonio Cuevas,Universidad Autónoma de Madrid,B3Vt0j0AAAAJ
402,"Rüschendorf,Ludger","Stochastik,Uni Freiburg",aaQJ_XsAAAAJ
403,Eduardo García Portugués,Assistant Professor at Carlos III University of Madrid,PI1zV3YAAAAJ
404,Regina Y Liu,Rutgers University,ksvtHwMAAAAJ
405,Manuel Oviedo de la Fuente,Profesor contratado interino de sustitución en University of A Coruña,x7AtGoUAAAAJ
406,Wenceslao Gonzalez Manteiga,"Catedrático de Universidad, Universidad de Santiago de Compostela",--5RUdgAAAAJ
407,J. Santos Domínguez-Menchero,Universidad de Oviedo,HzbaZacAAAAJ
408,Svetlozar Rachev,Professor of Applied Mathematics,UiqiIU0AAAAJ
409,Alberto González-Díez,"Profesor Titular. Departamento de Ciencias de la Tierra y Física de la Materia Condensada, UniCan",0kJ4bp4AAAAJ
410,Antonio Galves,"Professor de Estatística, Universidade de São Paulo",uyEe9OYAAAAJ
411,Pierre Dillenbourg,EPFL,FdvKJcIAAAAJ
412,Scott Delp,"Professor of Bioengineering and Mechanical Engineering, Stanford University",OEivUAQAAAAJ
413,Jennifer Hicks,"Senior Research Engineer, Stanford University",vOur3Q4AAAAJ
414,Kshitij Sharma,"NTNU, Trondheim, Norway",Wr8pFkEAAAAJ
415,Michael Schwartz,University of Minnesota,g7OdJn8AAAAJ
416,Garry Gold,"Professor of Radiology, Stanford University",KP2EfmcAAAAJ
417,Trevor Hastie,"Professor of Statistics, Stanford University",tQVe-fAAAAAJ
418,Demetrios Sampson,"Professor, Department of Digital Systems, University of Piraeus",v_IaAIcAAAAJ
419,David Cohen,"APHP, Pitié Salpétriere, UPMC, ISIR",e9XBrxYAAAAJ
420,Eni Halilaj,"Mechanical Engineering, Carnegie Mellon University",Fr9Vhe4AAAAJ
421,Kevin Andrew Thomas,"MD/PhD Candidate, Stanford University",YPQ8M_UAAAAJ
422,Luis P. Prieto,"Ramón y Cajal Research Fellow, Universidad de Valladolid, Spain",ySpnj0MAAAAJ
423,Michael Snyder,Stanford University,YZYne64AAAAJ
424,Sergey Levine,"UC Berkeley, Google",8R35rCwAAAAJ
425,Jessilyn Dunn,Assistant Professor,O2nUrQIAAAAJ
426,Matt van de Rijn,"Professor of Pathology, Stanford University",5mSpljoAAAAJ
427,Piotr Kokoszka,"Professor of Statistics, Colorado State University",4KKSiIkAAAAJ
428,Seungmoon Song,"Assistant Professor, Mechanical Engineering, Northeastern University",Ca2lQs8AAAAJ
429,Marcel Salathé,"Associate Professor, EPFL",_wHMGkUAAAAJ
430,Roel Nusse,Stanford University,01EOkNEAAAAJ
431,Giovanni Peccati,"Professor of Mathematics, University of Luxembourg",IytOChAAAAAJ
432,F. Thomas Bruss,"Professor of Mathematics, Université Libre de Bruxelles",1uxQsZ0AAAAJ
433,Ehsan Azmoodeh,University of Luxembourg,aqAY9P0AAAAJ
434,Ivan Nourdin,University of Luxembourg,bG6U1qgAAAAJ
435,Thomas Gallouët,Université Libre de Bruxelles ,3HScEYcAAAAJ
436,Lucas De Lara,Institut de Mathématiques de Toulouse,RenLRtsAAAAJ
437,Louis Béthune,"Université fédérale de Toulouse, IRIT, ANITI",1zvpCDcAAAAJ
438,Thibaut Boissin,IRT Saint-Exupéry,zC-MstIAAAAJ
439,Jonathan Niles-Weed,New York University,5Vls5NAAAAAJ
440,Nicholas Asher,"CNRS Research Director (DRCE), Scienific Director ANITI, IRIT (CNRS-UT3)",yQ5Th-sAAAAJ
441,François Bachoc,"Assistant professor (tenured), Toulouse Mathematics Institute",Fv36axgAAAAJ
442,Javier González-Delgado,"Institut de Mathématiques de Toulouse, LAAS-CNRS",xq2X5EsAAAAJ
443,Pierre Neuvial,"CNRS, Institut de Mathématiques de Toulouse",V2LO-5wAAAAJ
444,Juan Cortés,LAAS-CNRS,Hm0UA64AAAAJ
445,Franck Mamalet,IRT Saint-Exupéry,5C5p0osAAAAJ
446,Michaël R. Laurent,University Hospitals Leuven,71WLwe8AAAAJ
447,Shayan Hundrieser,"Ph.D. Student, Georg August University Göttingen",6l15pMEAAAAJ
448,Stephen Y Zhang,University of Melbourne,nuOYO60AAAAJ
449,Mikhail Lifshits,Professor at St.Petersburg State University,YMvmUQkAAAAJ
450,Geoffrey Schiebinger,University of British Columbia,r1cF30oAAAAJ
451,Johanna G. Neslehova,McGill University,tcljVjEAAAAJ
452,Bruno N. Remillard,"Professor, HEC Montreal",oESKXY0AAAAJ
453,Louis-Paul Rivest,"Professor of Statistics, Université Laval",1Dle2BsAAAAJ
454,Kilani Ghoudi,United Arab Emirates University,JL-rYgsAAAAJ
455,Jean-Francois Quessy,Universite du Quebec a Trois-Rivieres,vwFodR0AAAAJ
456,Anne-Catherine Favre,"UGA, Grenoble INP - UGA, Institut des Géosciences de l'Environnement (IGE)",8kqTGwwAAAAJ
457,James V Zidek,"Professor of Statistics, University of British Columbia",AzRrG3gAAAAJ
458,Kevin McConway,The Open University,b3t5a7gAAAAJ
459,Etienne Marceau,"Professeur en actuariar, École d'actuariat, Université Laval",i1qPt1EAAAAJ
460,Michel Denuit,"ISBA, LIDAM, UCLouvain",P1d_AKAAAAAJ
461,Geert MOLENBERGHS,Universiteit Hasselt & KU Leuven,AueraJcAAAAJ
462,David Banks,Duke University,7fV5Kn0AAAAJ
463,Marie-Pier Côté,"Université Laval (Québec, Canada)",7csAfNEAAAAJ
464,Jonathan Jalbert,Polytechnique Montréal,pdFJ2C0AAAAJ
465,Subhash Kochar,"Professor of Statistics, Portland State University",MupfF5wAAAAJ
466,Carlo Sempi,"Professore, Università del Salento",SBwOGCMAAAAJ
467,Jean-Francois Plante,HEC Montréal,Sea2CsIAAAAJ
468,Ivan Kojadinovic,"Professor of Statistics, University of Pau, France",i9AdNFsAAAAJ
469,Michael Bourdeau-Brien,"Professor of Finance, Université Laval",r0qg8vsAAAAJ
470,Johanna Ziegel,"Professor for Applied Stochastics, University of Bern",KDhGvNQAAAAJ
471,Frédéric Ouimet,McGill University,F6PTpCoAAAAJ
472,Jose Garrido,"Concordia University, Montreal, Canada",cYhIv9IAAAAJ
473,Jun Yan,University of Connecticut,4jVhnnEAAAAJ
474,Wanling Huang,"Department of Economics, University of Tulsa",g0Z4mt4AAAAJ
475,Abdous Belkacem,"Professeur Associé, Université Laval, Québec, Canada",f5-7gM8AAAAJ
476,Vincent Grégoire,HEC Montréal,2Ng0rToAAAAJ
477,Matthias Scherer,Technische Universität München,nGVHpi0AAAAJ
478,Morris DeGroot (1931-1989),Carnegie Mellon University,HAXyQQgAAAAJ
479,Arthur Charpentier,Université du Québec à Montréal,MOiB_W4AAAAJ
480,JOSE ANTONIO RODRIGUEZ LALLENA,"Catedrático de Matemática Aplicada, Universidad de Almería",spfWnbkAAAAJ
481,Carl Wagner,"Professor Emeritus of Mathematics, The University of Tennessee",6PimzlkAAAAJ
482,Richard Lockhart,"Professor of Statistics, Simon Fraser University",1jKKInMAAAAJ
483,Jane-Ling Wang,Distinguished Professor of Statistics,bHkDO7AAAAAJ
484,Aristidis K. Nikoloulopoulos,"Associate Professor in Statistics, University of East Anglia",kJLvjQ4AAAAJ
485,Anas Abdallah,Assistant professor at McMaster University,bO9WWLMAAAAJ
486,Maochao Xu,Illinois State,zgZmOrcAAAAJ
487,Mélina Mailhot,Concordia University,i08Yxw4AAAAJ
488,Nicholas Beck,"Postdoctoral Fellow, HEC Montréal",Stme41sAAAAJ
489,Ali Dolati,"Associate Prof. of Statistics, Yazd University, Iran.",kTtlGU4AAAAJ
490,Thierry Duchesne,"Professor of Statistics, Université Laval",tb_RYGMAAAAJ
491,Nikolai Kolev,"Institute of Mathematics and Statistics, University of Sao Paulo",DQiWfewAAAAJ
492,Mathieu Cusson,Université du Québec à Chicoutimi,9g-NoDcAAAAJ
493,Luc Perreault,"Reseacher, Hydro-Québec Resarch Institute",JONWN74AAAAJ
494,Marek Omelka,"Charles University in Prague, Department of Statistics",jp-5AqQAAAAJ
495,Philip EJ Green,,WQswkJUAAAAJ
496,David A. Stephens,"Professor, Department of Mathematics and Statistics,  McGill University",NRlAymQAAAAJ
497,Olivier Roustant,"Professor, INSA Toulouse, France",TMKQe3oAAAAJ
498,Jérôme Morio,"Senior research scientist at ONERA (Directeur de Recherche), Professor at ISAE",6TJd1ScAAAAJ
499,Sylvain Dubreuil,ONERA Toulouse,DAa1_GEAAAAJ
500,John Kalbfleisch,"Professor Emeritus of Biostatistics and Statistics, University of Michigan",unwawwoAAAAJ
501,Giovanni Puccetti,"University of Milan, Italy",XJyoM3gAAAAJ
502,karine bertin,Universidad de Valparaiso,m6PbJcIAAAAJ
503,Sahir Bhatnagar,"Associate Director of Statistical Genetics, 5 Prime Sciences",9XJum2AAAAAJ
504,James Hanley,McGill University,wo4LePAAAAAJ
505,Michelle Carey,Assistant Professor in Statistics in University College Dublin,7eBb6G0AAAAJ
506,Nicolas Klutchnikoff,Université de Rennes 2,RzEDivQAAAAJ
507,Jerald Lawless,University of Waterloo,M-1wKzIAAAAJ
508,Harry Joe,,yRSzNv0AAAAJ
509,Hervé Le Bihan,Banque de France,AVozONUAAAAJ
510,Luis J. Alvarez (Luis Julián Álvarez Go...,Banco de España,Ubp6biYAAAAJ
511,Daniel A. Dias,Board of Governors of the Federal Reserve System,Ok2Ap7YAAAAJ
512,Claudia Biancotti,Bank of Italy,sqAW_FsAAAAJ
513,Marcucci Juri,Bank of Italy,YWDhpbYAAAAJ
514,Ila Patnaik,National Institute for Public Finance and Policy,JbHDDBoAAAAJ
515,Ajay Shah,xKDR Forum,2C0fkiUAAAAJ
516,FERNANDO MARTINS,Banco de Portugal (Research Department),wwL3B3AAAAAJ
517,Philip Vermeulen,University of Canterbury,QjP4uv8AAAAJ
518,Benoit Mojon,Bank for International Settlements,YqoIdmAAAAAJ
519,Giovanni L. Violante,"Theodore A. Wells '29 Professor of Economics, Princeton University",E7gOgRsAAAAJ
520,Vasco Cúrdia,"Research Advisor, Federal Reserve Bank of San Francisco",Cxic30QAAAAJ
521,Alexandre Belloni,Duke University,uKc0iCUAAAAJ
522,Ivan Fernandez-Val,"Professor of Economics, Boston University",0ycnKd8AAAAJ
523,Denis Chetverikov,"Professor, Department of Economics, UCLA",aoYy-yUAAAAJ
524,Kengo Kato,"Department of Statistics and Data Science, Cornell University",m6pbDsoAAAAJ
525,Han Hong,Stanford University,HLg45MEAAAAJ
526,Mert Demirer,"Department of Economics, Massachusetts Institute of Technology",sh0k7woAAAAJ
527,Esther Duflo,"Economics, MIT",yhDMl8AAAAAJ
528,Martin Spindler,University of Hamburg & Economic AI,WGnn1TkAAAAJ
529,James M. Robins,professor of epidemiology and biostatistics harvard school of public health,RKGsk9cAAAAJ
530,Blaise Melly,"Professor of Economics, Bern University",7Y8ZMnoAAAAJ
531,Yinchu Zhu,"Assistant Professor of Economics, Brandeis University",_6wKAewAAAAJ
532,Daron Acemoglu,"Economics, MIT",l9Or8EMAAAAJ
533,Vira Semenova,"University of California, Berkeley",U5pLNcIAAAAJ
534,Paul Schrimpf,"Associate Professor of Economics, The University of British Columbia",lgqj9SoAAAAJ
535,Kaspar Wüthrich,"University of California, San Diego",ge1lyx0AAAAJ
536,Sokbae (Simon) Lee,"Department of Economics, Columbia University",nlNC3hQAAAAJ
537,Hiroyuki Kasahara,University of British Columbia,MnLiNvcAAAAJ
538,Adam Rosen,Duke University,NkivhQMAAAAJ
539,Vasilis Syrgkanis,"Assistant Professor, Stanford University",G1WMpcUAAAAJ
540,Matt Goldman,Researcher at Microsoft Research,c4yK72IAAAAJ
541,Patrick Bajari,"University of Washington, NBER",N26qXNIAAAAJ
542,Michael Whinston,"Professor of Economics and Sloan Fellows Professor of Management, MIT",kdKzEIIAAAAJ
543,Ivan Werning,MIT,FTMZX7oAAAAJ
544,Josh Angrist,MIT,LmhqcScAAAAJ
545,Amanda Kowalski,"Gail Wilensky Professor of Applied Economics and Public Policy, University of Michigan",93kvGZkAAAAJ
546,Jinyong Hahn,"Professor, UCLA",TBW4X_0AAAAJ
547,Muhamet Yildiz,"Professor of Economics, MIT",_VbalzIAAAAJ
548,Philipp Bach,University of Hamburg,MhE2uTQAAAAJ
549,Daniel L. Chen,Institute for Advanced Study at Toulouse,MlFf2igAAAAJ
550,Ye Luo,University of Hong Kong,7Q7uZWMAAAAJ
551,Xuming He,University of Michigan,b1YlQLkAAAAJ
552,Denis Nekipelov,University of Virginia,QB_fwL8AAAAJ
553,Hidehiko Ichimura,"Department of Economics, University of Arizona and Graduate School of Economics …",Bw33IwgAAAAJ
554,Juan Carlos Escanciano,"Professor of Economics, Universidad Carlos III de Madrid",fMSP908AAAAJ
555,Malte S. Kurz,Technical University of Munich,pDxx26wAAAAJ
556,Zhipeng Liao,"Professor, Department of Economics, UCLA",0m4ptDgAAAAJ
557,Rahul Singh,Harvard University,5XebTdkAAAAJ
558,Mingli Chen,"Associate Professor, Department of Economics, University of Warwick",3cz2adUAAAAJ
559,Junichi Suzuki,Uber,YiPHXssAAAAJ
560,Ali Hortacsu,University of Chicago,SgxgOfQAAAAJ
561,Oleg Urminsky,"Professor, University of Chicago Booth School of Business, Marketing",a2vrNw4AAAAJ
562,Damian Kozbur,"Assistant Professor of Econometrics, University of Zürich",tvyidm4AAAAJ
563,Andres Santos,"Professor of Economics, University of California Los Angeles",AO33ekIAAAAJ
564,Greg Lewis,Amazon,fVcFAiIAAAAJ
565,Hajo Holzmann,"Professor of Mathematical Statistics, Philipps-Universität Marburg, Germany",AGD0BOcAAAAJ
566,Stefan Hoderlein,"Professor of Economics, Emory University",irB2YvAAAAAJ
567,Brendan Pass,University of Alberta,LbHLMD8AAAAJ
568,Sukjin Han,"Professor of Economics, University of Bristol",mlrs2qUAAAAJ
569,Songzi Du,"Associate Professor of Economics, University of California, San Diego",iO2Qc24AAAAJ
570,Francesca Molinari,"Professor of Economics, Cornell University",OkYbTPcAAAAJ
571,Arun G. Chandrasekhar,"Assistant Professor of Economics, Stanford University",iT7_PykAAAAJ
572,Carlos Cinelli,University of Washington,4fyZLIoAAAAJ
573,Federico A. Bugni,Northwestern University,qUid6HgAAAAJ
574,Sami Stouli,University of Bristol,DV3b0VYAAAAJ
575,Roberto Rigobon,"Professor Applied Economics, Sloan School, MIT",LBhbk_gAAAAJ
576,Wolfgang Karl Härdle,"Humboldt-Universität zu Berlin, Ladislaus von Bortkiewicz Professor of Statistics",XMlSKFcAAAAJ
577,Chen Huang,"Department of Economics and Business Economics, Aarhus University",Q4p0TV4AAAAJ
578,Konrad Menzel,"Assistant Professor, New York University",zN44IxoAAAAJ
579,Sven Klaassen,University of Hamburg,2Xh1H24AAAAJ
580,George Monokroussos,Wayfair,ubDf3B4AAAAJ
581,Ramon Huerta,"Senior Principal Scientist, Amazon",AO74T6gAAAAJ
582,Martin Weidner,"Department of Economics & Nuffield College, University of Oxford",OKI3VfUAAAAJ
583,Mike Lipsitz,"Economist, Federal Trade Commission",HtVth_4AAAAJ
584,Tetsuya Kaji,University of Chicago Booth School of Business,T9GPNRQAAAAJ
585,Rui Song,North Carolina State University,lI1qjkgAAAAJ
586,Runzhe Wan,Amazon,eMKcEkwAAAAJ
587,Xi Chen,Professor at New York University,qjJg6akAAAAJ
588,amit sharma,,aG3PgtIAAAAJ
589,Jelena Bradic,"Full Professor of Statistics, Mathematics Department & Halicioglu Data Science Institute",QcQiUtsAAAAJ
590,Abhishek Kaul,"Department of Mathematics and Statistics, Washington State University",8pPansoAAAAJ
591,Jannis Kueck,Heinrich Heine University Düsseldorf,QOynW6gAAAAJ
592,Jin Wang,Netflix,8tE6CgEAAAAJ
593,Suhas Vijaykumar,"Ph.D. Candidate in Economics and Statistics, MIT",QYoK7RIAAAAJ
594,Amit Sharma,"Principal Researcher, Microsoft Research",CXgQufgAAAAJ
595,Nan Jiang,"Assistant Professor of Computer Science, UIUC",nUlanA8AAAAJ
596,Wen Sun,"Assistant Professor, Cornell University",iOLC30YAAAAJ
597,Nathan Kallus,Cornell University,K2WfIlsAAAAJ
598,Andrew Bennett,Cornell University,5a8ZQn4AAAAJ
599,Masatoshi Uehara,Cornell University,xuLKJboAAAAJ
600,Haruka Kiyohara,"Ph.D. student, Cornell University",wkZLqMMAAAAJ
601,Michael Brückner,"Principal Applied Scientist, Amazon",5ZyZ9JwAAAAJ
602,Patrick Gagliardini,"Professor of Econometrics, Università della Svizzera Italiana",Srs1JcoAAAAJ
603,Bernard Salanie,"Professor of Economics, Columbia University",Hfat62oAAAAJ
604,Arnaud Dupuy,University of Luxembourg,bJJkVP0AAAAJ
605,Ivar Ekeland,Professor,BsjdXV0AAAAJ
606,Nicolas Veron,Bruegel / Peterson Institute,-3SHgwUAAAAJ
607,Scott Duke Kominers,"MBA Class of 1960 Associate Professor, Harvard Business School & Department of …",YHSRCCsAAAAJ
608,TOUZI Nizar,Ecole Polytechnique,mGpnlA8AAAAJ
609,Yu-Wei Hsieh,Amazon,-5klT-kAAAAJ
610,Matthew Shum,"William Hacker Professor of Economics, Caltech",pmCKwgsAAAAJ
611,Simon Weber,University of York,sIRUolwAAAAJ
612,Pierre-André Chiappori,"Steinschneider Professor of Economics, Columbia University",mbiQ4ukAAAAJ
613,Filippo Santambrogio,"Professor of Applied Mathematics, Université Claude Bernard Lyon 1",T8GAoYMAAAAJ
614,Yifei Sun,"Courant Institute of Mathematical Sciences, New York University",fy2LuPgAAAAJ
615,Sonia Jaffe,Microsoft,51it_LkAAAAJ
616,Marion Goussé,"Associate Professor, ENSAI-CREST",2b2LXp8AAAAJ
617,Federico Echenique,,EBQH680AAAAJ
618,Raicho Bojilov,Assistant Professor at the Business School of Pontificia Universidad Católica de Chile,ZzSzTsIAAAAJ
619,N. Ghoussoub,"Professor of Mathematics, University of British Columbia",g_-M8x0AAAAJ
620,Gwendoline De Bie,ENS,eEdu4ZwAAAAJ
621,Robert McCann,Canada Research Chair at the University of Toronto,_0_STYoAAAAJ
622,ismael Yacoub Mourifie,University of Toronto,6R_2EvEAAAAJ
623,Claude Henry,,toY6cVIAAAAJ
624,Koen Jochmans,Toulouse School of Economics,zIIF4ogAAAAJ
625,Maurice Queyranne,"Emeritus Professor of Operations and Logistics, UBC Sauder School of Business",b2ZJ5UUAAAAJ
626,Yanqin Fan,University of Washington,8RdtfO0AAAAJ
627,Jorge Andres Rivero,"Economics PhD Candidate, University of Washington",XMyvcjsAAAAJ
628,Mario Ghossoub,University of Waterloo - Dept. of Statistics & Actuarial Science,9OE9xVkAAAAJ
629,Márcio Laurini,FEA-RP USP,RxcxV74AAAAJ
630,Anderson Motta,"Pesquisador, UNICAMP",QxqTO_QAAAAJ
631,Hyun Mo Yang,Professor da UNICAMP,9-cp9uUAAAAJ
632,Emerson Fernandes Marçal,CEMAP-EESP-FGV,Ud9zXkoAAAAJ
633,Soosung Hwang,"Depatment of Economics, Sungkyunkwan Univeristy",Nm4MrpcAAAAJ
634,Marco Bonomo,Insper,4S3KTg4AAAAJ
635,Regina Madalozzo,Insper Instituto de Ensino e Pesquisa,olSjNqcAAAAJ
636,Adriana Schor,"Instituto de Relações Internacionais, Universidade de São Paulo",NmSyTn4AAAAJ
637,Flavio Ziegelmann,Universidade Federal do Rio Grande do Sul,C-8dB48AAAAJ
638,Marcos Vinicio Wink Junior,"Professor de Economia, Universidade do Estado de Santa Catarina",2bW-lQsAAAAJ
639,Luiz Alvares Rezende de Souza,NumbersTalk,6iqNoRUAAAAJ
640,Fernando de holanda barbosa,"Professor de Economia, Fundação Getúlio Vargas",N1Xi0MwAAAAJ
641,marislei nishijima,Professora Associada da Universidade de São Paulo,akGtZlwAAAAJ
642,Osvaldo Candido,Catholic University of Brasilia - UCB,7dRxeSMAAAAJ
643,Hedibert Freitas Lopes,Professor of Statistics and Econometrics - INSPER Institute of Education and Research,fOWEO7EAAAAJ
644,Pedro Alberto Morettin,"Professor of Statistics, University of São Paulo",w5JLEH0AAAAJ
645,Ronan Cunha,EESP,1JeIKsgAAAAJ
646,Ana Beatriz Galvao,"Professor of Economic Modelling and Forecasting, University of Warwick",KEl7a7AAAAAJ
647,Wagner Oliveira Monteiro,Professor Horista da Escola de Economia de São Paulo da Fundação Getulio Vargas …,n7aN790AAAAJ
648,João Mergulhão,Sao Paulo School of Economics - FGV,qpG4hUQAAAAJ
649,Diogo de Prince,"PhD  in Economics, Getulio Vargas Foundation (Sao Paulo School of Economics) …",obLP8aYAAAAJ
650,Vitor Borges Monteiro,Universidade Federal do Ceará,nv0rIKoAAAAJ
651,Omar Abbara,"Portfolio Risk Manager, Canvas Capital",XqOnRg0AAAAJ
652,Rinaldo Artes,Insper,7sKI2tIAAAAJ
653,Wilson Toshiro Nakamura,"Professor of Finance, Universidade Presbiteriana Mackenzie",HmzCy64AAAAJ
654,Andrea Flores,EPGE Brazilian School of Economics and Finance,UryHd5AAAAAJ
655,André Farber,"Professor, Université Libre de Bruxelles",aKw41vsAAAAJ
656,Kim Oosterlinck,Université libre de Bruxelles,v3DfWgQAAAAJ
657,Guido Caldarelli,"APS fellow, Full Professor Theoretical Physics, DSMN, Ca’ Foscari, Venice",RZid9X8AAAAJ
658,Stefano Battiston,"University of Zurich, Dept. Banking and Finance, FINEXUS Center",3wrVpcYAAAAJ
659,Tarik Roukny,KU Leuven,e11Cg-kAAAAJ
660,Bersini,"Professor of Computer Science, Université Libre de Bruxelles",ph69ZvYAAAAJ
661,Mathias Schmit,,yD9naeIAAAAJ
662,Ariane SZAFARZ,"Professor of Finance, Université Libre de Bruxelles (ULB)",ZKkp-ewAAAAJ
663,Davide Pigoli,"Department of Mathematics, King's College London",LDBVu04AAAAJ
664,John Aston,"Statistical Laboratory, DPMMS, University of Cambridge",YPJIv4QAAAAJ
665,J Coleman,"Phonetics Laboratory, University of Oxford",rAukAy8AAAAJ
666,Thomas E. Nichols,University of Oxford,OTJoPikAAAAJ
667,Marco Palma,"MRC Biostatistics Unit, University of Cambridge",Ba87m8EAAAAJ
668,Jaromir Antoch,"Charles University, Faculty of Mathematics and Physiscs, Prague, Czech Republic",JA4sHP4AAAAJ
669,Mohcine Bennani Mechita,Abdelmalek Essaadi University,RnMhSaQAAAAJ
670,Aziz Lmakri,"Faculty of Sciences and Techniques of Tangier, Abdelamlik Essaadi University",uuRzA0MAAAAJ
671,Keely Cheslack-Postava,Columbia University/New York State Psychiatric Institute,MUiGoMwAAAAJ
672,Peter B. Gilbert,"Member, Fred Hutchinson Cancer Research Center, and Research Professor, Department …",ZjX0crAAAAAJ
673,Yanqing Sun,The University of North Carolina at Charlotte,B-gTuqEAAAAJ
674,Min Qian,Columbia University,LMhLg20AAAAJ
675,Ingrid Van Keilegom,KU Leuven,6Sb63foAAAAJ
676,Sophia Vinogradov,"Professor and Department Head, University of Minnesota, Psychiatry",kbU8I1UAAAAJ
677,Fred Huffer,Florida State University,fGqeI7wAAAAJ
678,LH Lumey,Columbia University,UbtDCpcAAAAJ
679,pam factor-litvak,"professor of epidemiology, Mailman School of Public Health, Columbia Univeristy",TsdTon8AAAAJ
680,Yichuan Zhao,"Professor of Statistics, Georgia State University",7bkblcwAAAAJ
681,Fiona Stanley,Telethon Kids Institute,A3KTBikAAAAJ
682,Nils Lid Hjort,"Professor of Mathematical Statistics, University of Oslo",pGvWCH4AAAAJ
683,Mary Beth terry,Professor of Epidemiology,XGuCxu4AAAAJ
684,Peter Sasieni,"Professor of Cancer Prevention, King's College London",vc40rVYAAAAJ
685,Per Magnus,Norwegian institute of Public Health,2dMbpWkAAAAJ
686,Camilla Stoltenberg,Direktør ved Folkehelseinstituttet og Professor ved Universitetet i Bergen,KDaJhw8AAAAJ
687,Ted Reichborn-Kjennerud,"Norwegian Institute of Public Health, University of Oslo, Norway",ejS866sAAAAJ
688,Jay A. Gingrich,Sackler Institute Columbia University,PgyxsbsAAAAJ
689,myrna weissman,college of physicians and surgeons columbia university,b6tIduoAAAAJ
690,Wolfgang Wefelmeyer,"Prof. iR, Mathematisches Institut, Universität zu Köln",0l3gMgoAAAAJ
691,Lucia O'Sullivan,"Professor of Psychology, University of New Brunswick",NwpBCIIAAAAJ
692,Moulinath Banerjee,Professor of Statistics,sMplIbQAAAAJ
693,George Davey Smith,University of Bristol,rJliK1UAAAAJ
694,Priscilla Greenwood,University of British Columbia,zlQYEFMAAAAJ
695,Mark van der Laan,"Jiann-Ping Hsu/Karl E. Peace Professor of Biostatistics & Statistics, University of California …",-zaDQ10AAAAJ
696,Sundarraman Subramanian,Associate Professor of Mathematical Sciences,7x1e0UYAAAAJ
697,Mourad Tighiouart,"Professor, Cedars-Sinai Medical Center",8A1uoAUAAAAJ
698,Regina Santella,"Professor of Environmental Health Sciences, Columbia University",9Ib8LKUAAAAJ
699,emad-eldin Aly,Kuwait University,o39VmbAAAAAJ
700,Larry J. Seidman,"Professor of Psychology, Harvard Medical School",8cbO_FYAAAAJ
701,ER de Kloet,"Academy professor & em. Professor of Medical Pharmacology, Leiden University",Eao7yZIAAAAJ
702,Jonathan K. Foster,"Professor, Curtin University and University of WA; Synapse Neuropsychology; Health …",t5JoLZ4AAAAJ
703,Renee D Goodwin,"Graduate School of Public Health and Health Policy, The City University of New York",BmVRqrQAAAAJ
704,Martin Lindquist,"Professor of Biostatistics, Johns Hopkins University",sRxiIw0AAAAJ
705,"Howard F Andrews, PhD, MS","Director, Data Coordinating Center, Columbia University",YlPwh40AAAAJ
706,Zhigang Li,"Dept of Biostatistics, University of Florida",_-PEelMAAAAJ
707,Gang Li,"Professor of Biostatistics, UCLA",rPsjQbIAAAAJ
708,Geoff Nicholls,"Associate Professor of Statistics, University of Oxford",mnq3780AAAAJ
709,Aryeh D Stein,"Hubert Department of Global Health, Rollins School of Public Health, Emory University",SFu8sdUAAAAJ
710,"Bruce Levin, Ph.D.","Professor Emeritus of Biostatistics, Columbia University",8hbzZB0AAAAJ
711,Barbara A. Cohn, Child Health and Development Studies,IICfONcAAAAJ
712,XuFeng Niu,Florida State University,7SBs6jkAAAAJ
713,James Brian Elsner,"Retired, Florida State University",uF8tRWQAAAAJ
714,Florentina Bunea,Cornell University,vQrFgocAAAAJ
715,Nathan Paldor,"Fredy and Nadine Herrmann institute of Earth Sciences, The Hebrew University of …",qZWmQGsAAAAJ
716,Sylvana Cote,University of Montreal,zxtLSAgAAAAJ
717,ELISA ROMANO,University of Ottawa,QkL7H00AAAAJ
718,Mestiri Sami,"maitre assistant , université de monastir",yOv2g1MAAAAJ
719,Mekki Hajlaoui,"IHEC Carthage, Tunisie - Tunisia",f2VVkl8AAAAJ
720,Abdellatif Elloumi,Maître assistant en Méthodes Quantitatives,-1Gpm0QAAAAJ
721,Marcelo Sant'Anna,"Assistant Professor of Economics, FGV EPGE",h2hGzDIAAAAJ
722,Jan Beirlant,KU Leuven,LaOnzPYAAAAJ
723,Johan du Preez,Professor of Electrical and Electronic Engineering,uAJ515sAAAAJ
724,Stephan Wagner,Uppsala University,qsPKyNMAAAAJ
725,David Hofmeyr,Lancaster University,JnFggesAAAAJ
726,Michele Volpi,"Lead Data Scientist at Swiss Data Science Center, ETH Zurich",3G-Oh2YAAAAJ
727,Małgorzata Chmiel,Swiss Federal Research Institute WSL,SHKUJLkAAAAJ
728,Patrick Paitz,Swiss Federal Institute for Forest Snow and Landscape Research WSL,oyCrJNkAAAAJ
729,Lorenzo Ricci,European Stability Mechanism (ESM),JJ7cDOQAAAAJ
730,Marius Matei,Bucharest University of Economic Studies,_VpS8TAAAAAJ
731,Marius Matei,"Universitatea de Medicina si Farmacie Tirgu Mures, Romania",Zro71u8AAAAJ
732,Kou Fujimori,Shinshu University,CbiLk0YAAAAJ
733,Shuo Chen,"Professor, University of Maryland, School of Medicine",QFFDsScAAAAJ
734,Adityanand Guntuboyina,"Associate Professor, Department of Statistics, University of California, Berkeley",4zyy7esAAAAJ
735,Michael Woodroofe,"Professor of Mathematic and Statistics, University of Michigan",fLaDhwoAAAAJ
736,Matthew G. Walker,Carnegie Mellon University,IcEsJfAAAAAJ
737,Nabarun Deb,University of Chicago Booth School of Business,-_8QMZIAAAAJ
738,Rohit Patra,University of Florida,fXRMN8MAAAAJ
739,Oleg Gnedin,University of Michigan,GcQ6p7gAAAAJ
740,Javier Alonso-García,"Unidad de Astronomía, Universidad de Antofagasta",RN8sb0oAAAAJ
741,Xiao Wang,"Professor of Statistics, Purdue University",Ti-2_wUAAAAJ
742,Kaspar von Braun,Lowell Observatory,olwQaK8AAAAJ
743,Atul Mallik,,Wd8CL4EAAAAJ
744,Arun Kumar Kuchibhotla,Carnegie Mellon University,k2uOCu0AAAAJ
745,Ying Cui,"University of California, Berkeley",--WN2j4AAAAJ
746,Gongjun Xu,University of Michigan,ZsdrE8wAAAAJ
747,George Michailidis,Professor of Statistics and Computer Science,_G2nlf8AAAAJ
748,Rahul Mazumder,Massachusetts Institute of Technology,cyCp3pIAAAAJ
749,Arkopal Choudhury,"Nektar Therapeutics, UNC Chapel Hill, ISI Kolkata",alGkrRQAAAAJ
750,Mary Meyer,"Professor of Statistics, Colorado State University",l2KlptIAAAAJ
751,Jong-Shi Pang,Daniel J. Epstein Chair Professor of Industrial and Systems Engineering,DZryMhIAAAAJ
752,Qihang Lin,The University of Iowa,sPtFRB8AAAAJ
753,Arnab Sen,"Associate Professor of Mathematics, University of Minnesota",3JV6l3oAAAAJ
754,Gabor J Szekely,National Science Foundation,OtbDeeIAAAAJ
755,zhiliang ying,"professor of statistics, columbia university",VPz1QjEAAAAJ
756,Ashok Nag,Independent Consultant,TjIVsSAAAAAJ
